"45568","ドーンブレイザー・アタイア","0","","0","0","1","0","0","","ドーンブレイザー・アタイア","57180","1","1","51","0","112","0","0","84","0","1","False","True","False","False","2","0","False","0","False","0","2","0","0","0","0","0","False","False","0","1","0","1","1","0","0","0","0, 0, 0, 0","0, 0, 0, 0","0","0","0","0","0","0","0","0","0","0","0","0","0","0","0","0","0","0","0","0","0","0","0","0","0","0","0","0","0","0","0","0","0","0","0","0","0","0","False","False","0","False"
"45569","アスレジャー・シャツ・アタイア","0","","0","0","1","0","0","","アスレジャー・シャツ・アタイア","57193","1","1","51","0","112","0","0","84","0","1","False","True","False","False","2","0","False","0","False","0","2","0","0","0","0","0","False","False","0","1","0","1","1","0","0","0","0, 0, 0, 0","0, 0, 0, 0","0","0","0","0","0","0","0","0","0","0","0","0","0","0","0","0","0","0","0","0","0","0","0","0","0","0","0","0","0","0","0","0","0","0","0","0","0","0","False","False","0","False"
"45570","アスレジャー・ニット・アタイア","0","","0","0","1","0","0","","アスレジャー・ニット・アタイア","57194","1","1","51","0","112","0","0","84","0","1","False","True","False","False","2","0","False","0","False","0","2","0","0","0","0","0","False","False","0","1","0","1","1","0","0","0","0, 0, 0, 0","0, 0, 0, 0","0","0","0","0","0","0","0","0","0","0","0","0","0","0","0","0","0","0","0","0","0","0","0","0","0","0","0","0","0","0","0","0","0","0","0","0","0","0","False","False","0","False"
"45571","","0","","0","0","0","0","0","","","0","0","0","0","0","0","0","0","0","0","0","False","False","False","False","0","0","False","0","False","0","0","0","0","0","0","0","False","False","0","0","0","0","0","0","0","0","0, 0, 0, 0","0, 0, 0, 0","0","0","0","0","0","0","0","0","0","0","0","0","0","0","0","0","0","0","0","0","0","0","0","0","0","0","0","0","0","0","0","0","0","0","0","0","0","0","False","False","0","False"
"45572","","0","","0","0","0","0","0","","","0","0","0","0","0","0","0","0","0","0","0","False","False","False","False","0","0","False","0","False","0","0","0","0","0","0","0","False","False","0","0","0","0","0","0","0","0","0, 0, 0, 0","0, 0, 0, 0","0","0","0","0","0","0","0","0","0","0","0","0","0","0","0","0","0","0","0","0","0","0","0","0","0","0","0","0","0","0","0","0","0","0","0","0","0","0","False","False","0","False"
"45573","サイオンズアーク・アタイア","0","","0","0","1","0","0","","サイオンズアーク・アタイア","57192","1","1","51","0","112","0","0","84","0","1","False","True","False","False","2","0","False","0","False","0","2","0","0","0","0","0","False","False","0","1","0","1","1","0","0","0","0, 0, 0, 0","0, 0, 0, 0","0","0","0","0","0","0","0","0","0","0","0","0","0","0","0","0","0","0","0","0","0","0","0","0","0","0","0","0","0","0","0","0","0","0","0","0","0","0","False","False","0","False"
"45574","ゼロオーダー・アタイア","0","","0","0","1","0","0","","ゼロオーダー・アタイア","57195","1","1","51","0","112","0","0","84","0","1","False","True","False","False","2","0","False","0","False","0","2","0","0","0","0","0","False","False","0","1","0","1","1","0","0","0","0, 0, 0, 0","0, 0, 0, 0","0","0","0","0","0","0","0","0","0","0","0","0","0","0","0","0","0","0","0","0","0","0","0","0","0","0","0","0","0","0","0","0","0","0","0","0","0","0","False","False","0","False"
"45575","リオニスキング・アタイア","0","","0","0","1","0","0","","リオニスキング・アタイア","57184","1","1","51","0","112","0","0","84","0","1","False","True","False","False","2","0","False","0","False","0","2","0","0","0","0","0","False","False","0","1","0","1","1","0","0","0","0, 0, 0, 0","0, 0, 0, 0","0","0","0","0","0","0","0","0","0","0","0","0","0","0","0","0","0","0","0","0","0","0","0","0","0","0","0","0","0","0","0","0","0","0","0","0","0","0","False","False","0","False"
"45576","ホルンクイーン・アタイア","0","","0","0","1","0","0","","ホルンクイーン・アタイア","57183","1","1","51","0","112","0","0","84","0","1","False","True","False","False","2","0","False","0","False","0","2","0","0","0","0","0","False","False","0","1","0","1","1","0","0","0","0, 0, 0, 0","0, 0, 0, 0","0","0","0","0","0","0","0","0","0","0","0","0","0","0","0","0","0","0","0","0","0","0","0","0","0","0","0","0","0","0","0","0","0","0","0","0","0","0","False","False","0","False"
"45577","スノウストリーマーベル","0","","0","0","1","0","0","マウント修得<hex:02100103>スノウストリーマーを呼び寄せるためのベル","スノウストリーマーベル","26104","1","1","16","0","63","0","0","59","20000","1","True","True","True","False","99999","0","False","0","False","2668","1","0","0","0","0","0","False","False","0","1","0","0","0","0","0","0","0, 0, 0, 0","0, 0, 0, 0","0","0","0","0","0","0","0","0","0","0","0","0","0","0","0","0","0","0","0","0","0","0","0","0","0","0","0","0","0","0","0","0","0","0","0","0","0","0","False","False","0","False"
"45578","","0","","0","0","0","0","0","","","0","0","0","0","0","0","0","0","0","0","0","False","False","False","False","0","0","False","0","False","0","0","0","0","0","0","0","False","False","0","0","0","0","0","0","0","0","0, 0, 0, 0","0, 0, 0, 0","0","0","0","0","0","0","0","0","0","0","0","0","0","0","0","0","0","0","0","0","0","0","0","0","0","0","0","0","0","0","0","0","0","0","0","0","0","0","False","False","0","False"
"45579","ロイヤルダマスク織物","0","","0","0","1","0","0","異界ヴァナ・ディールにおいてサンドリア王室にも献上されていた、複雑な工程を経て織られた輝かしい布","ロイヤルダマスク織物","21622","1","1","12","0","51","50","0","18","0","999","False","False","False","True","99999","1","False","0","False","0","2","0","0","0","0","0","False","False","0","1","0","0","0","0","0","0","0, 0, 0, 0","0, 0, 0, 0","0","0","0","0","0","0","0","0","0","0","0","0","0","0","0","0","0","0","0","0","0","0","0","0","0","0","0","0","0","0","0","0","0","0","0","0","0","0","False","False","0","False"
"45580","","0","","0","0","0","0","0","","","0","0","0","0","0","0","0","0","0","0","0","False","False","False","False","0","0","False","0","False","0","0","0","0","0","0","0","False","False","0","0","0","0","0","0","0","0","0, 0, 0, 0","0, 0, 0, 0","0","0","0","0","0","0","0","0","0","0","0","0","0","0","0","0","0","0","0","0","0","0","0","0","0","0","0","0","0","0","0","0","0","0","0","0","0","0","False","False","0","False"
"45581","","0","","0","0","0","0","0","","","0","0","0","0","0","0","0","0","0","0","0","False","False","False","False","0","0","False","0","False","0","0","0","0","0","0","0","False","False","0","0","0","0","0","0","0","0","0, 0, 0, 0","0, 0, 0, 0","0","0","0","0","0","0","0","0","0","0","0","0","0","0","0","0","0","0","0","0","0","0","0","0","0","0","0","0","0","0","0","0","0","0","0","0","0","0","False","False","0","False"
"45582","","0","","0","0","0","0","0","","","0","0","0","0","0","0","0","0","0","0","0","False","False","False","False","0","0","False","0","False","0","0","0","0","0","0","0","False","False","0","0","0","0","0","0","0","0","0, 0, 0, 0","0, 0, 0, 0","0","0","0","0","0","0","0","0","0","0","0","0","0","0","0","0","0","0","0","0","0","0","0","0","0","0","0","0","0","0","0","0","0","0","0","0","0","0","False","False","0","False"
"45583","","0","","0","0","0","0","0","","","0","0","0","0","0","0","0","0","0","0","0","False","False","False","False","0","0","False","0","False","0","0","0","0","0","0","0","False","False","0","0","0","0","0","0","0","0","0, 0, 0, 0","0, 0, 0, 0","0","0","0","0","0","0","0","0","0","0","0","0","0","0","0","0","0","0","0","0","0","0","0","0","0","0","0","0","0","0","0","0","0","0","0","0","0","0","False","False","0","False"
"45584","","0","","0","0","0","0","0","","","0","0","0","0","0","0","0","0","0","0","0","False","False","False","False","0","0","False","0","False","0","0","0","0","0","0","0","False","False","0","0","0","0","0","0","0","0","0, 0, 0, 0","0, 0, 0, 0","0","0","0","0","0","0","0","0","0","0","0","0","0","0","0","0","0","0","0","0","0","0","0","0","0","0","0","0","0","0","0","0","0","0","0","0","0","0","False","False","0","False"
"45585","","0","","0","0","0","0","0","","","0","0","0","0","0","0","0","0","0","0","0","False","False","False","False","0","0","False","0","False","0","0","0","0","0","0","0","False","False","0","0","0","0","0","0","0","0","0, 0, 0, 0","0, 0, 0, 0","0","0","0","0","0","0","0","0","0","0","0","0","0","0","0","0","0","0","0","0","0","0","0","0","0","0","0","0","0","0","0","0","0","0","0","0","0","0","False","False","0","False"
"45586","","0","","0","0","0","0","0","","","0","0","0","0","0","0","0","0","0","0","0","False","False","False","False","0","0","False","0","False","0","0","0","0","0","0","0","False","False","0","0","0","0","0","0","0","0","0, 0, 0, 0","0, 0, 0, 0","0","0","0","0","0","0","0","0","0","0","0","0","0","0","0","0","0","0","0","0","0","0","0","0","0","0","0","0","0","0","0","0","0","0","0","0","0","0","False","False","0","False"
"45587","","0","","0","0","0","0","0","","","0","0","0","0","0","0","0","0","0","0","0","False","False","False","False","0","0","False","0","False","0","0","0","0","0","0","0","False","False","0","0","0","0","0","0","0","0","0, 0, 0, 0","0, 0, 0, 0","0","0","0","0","0","0","0","0","0","0","0","0","0","0","0","0","0","0","0","0","0","0","0","0","0","0","0","0","0","0","0","0","0","0","0","0","0","0","False","False","0","False"
"45588","","0","","0","0","0","0","0","","","0","0","0","0","0","0","0","0","0","0","0","False","False","False","False","0","0","False","0","False","0","0","0","0","0","0","0","False","False","0","0","0","0","0","0","0","0","0, 0, 0, 0","0, 0, 0, 0","0","0","0","0","0","0","0","0","0","0","0","0","0","0","0","0","0","0","0","0","0","0","0","0","0","0","0","0","0","0","0","0","0","0","0","0","0","0","False","False","0","False"
"45589","","0","","0","0","0","0","0","","","0","0","0","0","0","0","0","0","0","0","0","False","False","False","False","0","0","False","0","False","0","0","0","0","0","0","0","False","False","0","0","0","0","0","0","0","0","0, 0, 0, 0","0, 0, 0, 0","0","0","0","0","0","0","0","0","0","0","0","0","0","0","0","0","0","0","0","0","0","0","0","0","0","0","0","0","0","0","0","0","0","0","0","0","0","0","False","False","0","False"
"45590","クァールタリスマン＆ビーチショーツ","0","","0","0","1","0","0","","クァールタリスマン＆ビーチショーツ","48913","1","1","51","0","112","0","0","84","0","1","False","True","False","False","2","0","True","0","False","0","2","0","0","0","0","0","False","False","0","1","0","1","1","0","0","0","0, 0, 0, 0","0, 0, 0, 0","0","0","0","0","0","0","0","0","0","0","0","0","0","0","0","0","0","0","0","0","0","0","0","0","0","0","0","0","0","0","0","0","0","0","0","0","0","0","False","False","0","False"
"45591","","0","","0","0","0","0","0","","","0","0","0","0","0","0","0","0","0","0","0","False","False","False","False","0","0","False","0","False","0","0","0","0","0","0","0","False","False","0","0","0","0","0","0","0","0","0, 0, 0, 0","0, 0, 0, 0","0","0","0","0","0","0","0","0","0","0","0","0","0","0","0","0","0","0","0","0","0","0","0","0","0","0","0","0","0","0","0","0","0","0","0","0","0","0","False","False","0","False"
"45592","","0","","0","0","0","0","0","","","0","0","0","0","0","0","0","0","0","0","0","False","False","False","False","0","0","False","0","False","0","0","0","0","0","0","0","False","False","0","0","0","0","0","0","0","0","0, 0, 0, 0","0, 0, 0, 0","0","0","0","0","0","0","0","0","0","0","0","0","0","0","0","0","0","0","0","0","0","0","0","0","0","0","0","0","0","0","0","0","0","0","0","0","0","0","False","False","0","False"
"45593","","0","","0","0","0","0","0","","","0","0","0","0","0","0","0","0","0","0","0","False","False","False","False","0","0","False","0","False","0","0","0","0","0","0","0","False","False","0","0","0","0","0","0","0","0","0, 0, 0, 0","0, 0, 0, 0","0","0","0","0","0","0","0","0","0","0","0","0","0","0","0","0","0","0","0","0","0","0","0","0","0","0","0","0","0","0","0","0","0","0","0","0","0","0","False","False","0","False"
"45594","","0","","0","0","0","0","0","","","0","0","0","0","0","0","0","0","0","0","0","False","False","False","False","0","0","False","0","False","0","0","0","0","0","0","0","False","False","0","0","0","0","0","0","0","0","0, 0, 0, 0","0, 0, 0, 0","0","0","0","0","0","0","0","0","0","0","0","0","0","0","0","0","0","0","0","0","0","0","0","0","0","0","0","0","0","0","0","0","0","0","0","0","0","0","False","False","0","False"
"45595","","0","","0","0","0","0","0","","","0","0","0","0","0","0","0","0","0","0","0","False","False","False","False","0","0","False","0","False","0","0","0","0","0","0","0","False","False","0","0","0","0","0","0","0","0","0, 0, 0, 0","0, 0, 0, 0","0","0","0","0","0","0","0","0","0","0","0","0","0","0","0","0","0","0","0","0","0","0","0","0","0","0","0","0","0","0","0","0","0","0","0","0","0","0","False","False","0","False"
"45596","","0","","0","0","0","0","0","","","0","0","0","0","0","0","0","0","0","0","0","False","False","False","False","0","0","False","0","False","0","0","0","0","0","0","0","False","False","0","0","0","0","0","0","0","0","0, 0, 0, 0","0, 0, 0, 0","0","0","0","0","0","0","0","0","0","0","0","0","0","0","0","0","0","0","0","0","0","0","0","0","0","0","0","0","0","0","0","0","0","0","0","0","0","0","False","False","0","False"
"45597","","0","","0","0","0","0","0","","","0","0","0","0","0","0","0","0","0","0","0","False","False","False","False","0","0","False","0","False","0","0","0","0","0","0","0","False","False","0","0","0","0","0","0","0","0","0, 0, 0, 0","0, 0, 0, 0","0","0","0","0","0","0","0","0","0","0","0","0","0","0","0","0","0","0","0","0","0","0","0","0","0","0","0","0","0","0","0","0","0","0","0","0","0","0","False","False","0","False"
"45598","","0","","0","0","0","0","0","","","0","0","0","0","0","0","0","0","0","0","0","False","False","False","False","0","0","False","0","False","0","0","0","0","0","0","0","False","False","0","0","0","0","0","0","0","0","0, 0, 0, 0","0, 0, 0, 0","0","0","0","0","0","0","0","0","0","0","0","0","0","0","0","0","0","0","0","0","0","0","0","0","0","0","0","0","0","0","0","0","0","0","0","0","0","0","False","False","0","False"
"45599","","0","","0","0","0","0","0","","","0","0","0","0","0","0","0","0","0","0","0","False","False","False","False","0","0","False","0","False","0","0","0","0","0","0","0","False","False","0","0","0","0","0","0","0","0","0, 0, 0, 0","0, 0, 0, 0","0","0","0","0","0","0","0","0","0","0","0","0","0","0","0","0","0","0","0","0","0","0","0","0","0","0","0","0","0","0","0","0","0","0","0","0","0","0","False","False","0","False"
"45600","","0","","0","0","0","0","0","","","0","0","0","0","0","0","0","0","0","0","0","False","False","False","False","0","0","False","0","False","0","0","0","0","0","0","0","False","False","0","0","0","0","0","0","0","0","0, 0, 0, 0","0, 0, 0, 0","0","0","0","0","0","0","0","0","0","0","0","0","0","0","0","0","0","0","0","0","0","0","0","0","0","0","0","0","0","0","0","0","0","0","0","0","0","0","False","False","0","False"
"45601","","0","","0","0","0","0","0","","","0","0","0","0","0","0","0","0","0","0","0","False","False","False","False","0","0","False","0","False","0","0","0","0","0","0","0","False","False","0","0","0","0","0","0","0","0","0, 0, 0, 0","0, 0, 0, 0","0","0","0","0","0","0","0","0","0","0","0","0","0","0","0","0","0","0","0","0","0","0","0","0","0","0","0","0","0","0","0","0","0","0","0","0","0","0","False","False","0","False"
"45602","","0","","0","0","0","0","0","","","0","0","0","0","0","0","0","0","0","0","0","False","False","False","False","0","0","False","0","False","0","0","0","0","0","0","0","False","False","0","0","0","0","0","0","0","0","0, 0, 0, 0","0, 0, 0, 0","0","0","0","0","0","0","0","0","0","0","0","0","0","0","0","0","0","0","0","0","0","0","0","0","0","0","0","0","0","0","0","0","0","0","0","0","0","0","False","False","0","False"
"45603","","0","","0","0","0","0","0","","","0","0","0","0","0","0","0","0","0","0","0","False","False","False","False","0","0","False","0","False","0","0","0","0","0","0","0","False","False","0","0","0","0","0","0","0","0","0, 0, 0, 0","0, 0, 0, 0","0","0","0","0","0","0","0","0","0","0","0","0","0","0","0","0","0","0","0","0","0","0","0","0","0","0","0","0","0","0","0","0","0","0","0","0","0","0","False","False","0","False"
"45604","","0","","0","0","0","0","0","","","0","0","0","0","0","0","0","0","0","0","0","False","False","False","False","0","0","False","0","False","0","0","0","0","0","0","0","False","False","0","0","0","0","0","0","0","0","0, 0, 0, 0","0, 0, 0, 0","0","0","0","0","0","0","0","0","0","0","0","0","0","0","0","0","0","0","0","0","0","0","0","0","0","0","0","0","0","0","0","0","0","0","0","0","0","0","False","False","0","False"
"45605","","0","","0","0","0","0","0","","","0","0","0","0","0","0","0","0","0","0","0","False","False","False","False","0","0","False","0","False","0","0","0","0","0","0","0","False","False","0","0","0","0","0","0","0","0","0, 0, 0, 0","0, 0, 0, 0","0","0","0","0","0","0","0","0","0","0","0","0","0","0","0","0","0","0","0","0","0","0","0","0","0","0","0","0","0","0","0","0","0","0","0","0","0","0","False","False","0","False"
"45606","","0","","0","0","0","0","0","","","0","0","0","0","0","0","0","0","0","0","0","False","False","False","False","0","0","False","0","False","0","0","0","0","0","0","0","False","False","0","0","0","0","0","0","0","0","0, 0, 0, 0","0, 0, 0, 0","0","0","0","0","0","0","0","0","0","0","0","0","0","0","0","0","0","0","0","0","0","0","0","0","0","0","0","0","0","0","0","0","0","0","0","0","0","0","False","False","0","False"
"45607","","0","","0","0","0","0","0","","","0","0","0","0","0","0","0","0","0","0","0","False","False","False","False","0","0","False","0","False","0","0","0","0","0","0","0","False","False","0","0","0","0","0","0","0","0","0, 0, 0, 0","0, 0, 0, 0","0","0","0","0","0","0","0","0","0","0","0","0","0","0","0","0","0","0","0","0","0","0","0","0","0","0","0","0","0","0","0","0","0","0","0","0","0","0","False","False","0","False"
"45608","","0","","0","0","0","0","0","","","0","0","0","0","0","0","0","0","0","0","0","False","False","False","False","0","0","False","0","False","0","0","0","0","0","0","0","False","False","0","0","0","0","0","0","0","0","0, 0, 0, 0","0, 0, 0, 0","0","0","0","0","0","0","0","0","0","0","0","0","0","0","0","0","0","0","0","0","0","0","0","0","0","0","0","0","0","0","0","0","0","0","0","0","0","0","False","False","0","False"
"45609","","0","","0","0","0","0","0","","","0","0","0","0","0","0","0","0","0","0","0","False","False","False","False","0","0","False","0","False","0","0","0","0","0","0","0","False","False","0","0","0","0","0","0","0","0","0, 0, 0, 0","0, 0, 0, 0","0","0","0","0","0","0","0","0","0","0","0","0","0","0","0","0","0","0","0","0","0","0","0","0","0","0","0","0","0","0","0","0","0","0","0","0","0","0","False","False","0","False"
"45610","","0","","0","0","0","0","0","","","0","0","0","0","0","0","0","0","0","0","0","False","False","False","False","0","0","False","0","False","0","0","0","0","0","0","0","False","False","0","0","0","0","0","0","0","0","0, 0, 0, 0","0, 0, 0, 0","0","0","0","0","0","0","0","0","0","0","0","0","0","0","0","0","0","0","0","0","0","0","0","0","0","0","0","0","0","0","0","0","0","0","0","0","0","0","False","False","0","False"
"45611","","0","","0","0","0","0","0","","","0","0","0","0","0","0","0","0","0","0","0","False","False","False","False","0","0","False","0","False","0","0","0","0","0","0","0","False","False","0","0","0","0","0","0","0","0","0, 0, 0, 0","0, 0, 0, 0","0","0","0","0","0","0","0","0","0","0","0","0","0","0","0","0","0","0","0","0","0","0","0","0","0","0","0","0","0","0","0","0","0","0","0","0","0","0","False","False","0","False"
"45612","","0","","0","0","0","0","0","","","0","0","0","0","0","0","0","0","0","0","0","False","False","False","False","0","0","False","0","False","0","0","0","0","0","0","0","False","False","0","0","0","0","0","0","0","0","0, 0, 0, 0","0, 0, 0, 0","0","0","0","0","0","0","0","0","0","0","0","0","0","0","0","0","0","0","0","0","0","0","0","0","0","0","0","0","0","0","0","0","0","0","0","0","0","0","False","False","0","False"
"45613","","0","","0","0","0","0","0","","","0","0","0","0","0","0","0","0","0","0","0","False","False","False","False","0","0","False","0","False","0","0","0","0","0","0","0","False","False","0","0","0","0","0","0","0","0","0, 0, 0, 0","0, 0, 0, 0","0","0","0","0","0","0","0","0","0","0","0","0","0","0","0","0","0","0","0","0","0","0","0","0","0","0","0","0","0","0","0","0","0","0","0","0","0","0","False","False","0","False"
"45614","","0","","0","0","0","0","0","","","0","0","0","0","0","0","0","0","0","0","0","False","False","False","False","0","0","False","0","False","0","0","0","0","0","0","0","False","False","0","0","0","0","0","0","0","0","0, 0, 0, 0","0, 0, 0, 0","0","0","0","0","0","0","0","0","0","0","0","0","0","0","0","0","0","0","0","0","0","0","0","0","0","0","0","0","0","0","0","0","0","0","0","0","0","0","False","False","0","False"
"45615","","0","","0","0","0","0","0","","","0","0","0","0","0","0","0","0","0","0","0","False","False","False","False","0","0","False","0","False","0","0","0","0","0","0","0","False","False","0","0","0","0","0","0","0","0","0, 0, 0, 0","0, 0, 0, 0","0","0","0","0","0","0","0","0","0","0","0","0","0","0","0","0","0","0","0","0","0","0","0","0","0","0","0","0","0","0","0","0","0","0","0","0","0","0","False","False","0","False"
"45616","","0","","0","0","0","0","0","","","0","0","0","0","0","0","0","0","0","0","0","False","False","False","False","0","0","False","0","False","0","0","0","0","0","0","0","False","False","0","0","0","0","0","0","0","0","0, 0, 0, 0","0, 0, 0, 0","0","0","0","0","0","0","0","0","0","0","0","0","0","0","0","0","0","0","0","0","0","0","0","0","0","0","0","0","0","0","0","0","0","0","0","0","0","0","False","False","0","False"
"45617","","0","","0","0","0","0","0","","","0","0","0","0","0","0","0","0","0","0","0","False","False","False","False","0","0","False","0","False","0","0","0","0","0","0","0","False","False","0","0","0","0","0","0","0","0","0, 0, 0, 0","0, 0, 0, 0","0","0","0","0","0","0","0","0","0","0","0","0","0","0","0","0","0","0","0","0","0","0","0","0","0","0","0","0","0","0","0","0","0","0","0","0","0","0","False","False","0","False"
"45618","","0","","0","0","0","0","0","","","0","0","0","0","0","0","0","0","0","0","0","False","False","False","False","0","0","False","0","False","0","0","0","0","0","0","0","False","False","0","0","0","0","0","0","0","0","0, 0, 0, 0","0, 0, 0, 0","0","0","0","0","0","0","0","0","0","0","0","0","0","0","0","0","0","0","0","0","0","0","0","0","0","0","0","0","0","0","0","0","0","0","0","0","0","0","False","False","0","False"
"45619","","0","","0","0","0","0","0","","","0","0","0","0","0","0","0","0","0","0","0","False","False","False","False","0","0","False","0","False","0","0","0","0","0","0","0","False","False","0","0","0","0","0","0","0","0","0, 0, 0, 0","0, 0, 0, 0","0","0","0","0","0","0","0","0","0","0","0","0","0","0","0","0","0","0","0","0","0","0","0","0","0","0","0","0","0","0","0","0","0","0","0","0","0","0","False","False","0","False"
"45620","","0","","0","0","0","0","0","","","0","0","0","0","0","0","0","0","0","0","0","False","False","False","False","0","0","False","0","False","0","0","0","0","0","0","0","False","False","0","0","0","0","0","0","0","0","0, 0, 0, 0","0, 0, 0, 0","0","0","0","0","0","0","0","0","0","0","0","0","0","0","0","0","0","0","0","0","0","0","0","0","0","0","0","0","0","0","0","0","0","0","0","0","0","0","False","False","0","False"
"45621","","0","","0","0","0","0","0","","","0","0","0","0","0","0","0","0","0","0","0","False","False","False","False","0","0","False","0","False","0","0","0","0","0","0","0","False","False","0","0","0","0","0","0","0","0","0, 0, 0, 0","0, 0, 0, 0","0","0","0","0","0","0","0","0","0","0","0","0","0","0","0","0","0","0","0","0","0","0","0","0","0","0","0","0","0","0","0","0","0","0","0","0","0","0","False","False","0","False"
"45622","","0","","0","0","0","0","0","","","0","0","0","0","0","0","0","0","0","0","0","False","False","False","False","0","0","False","0","False","0","0","0","0","0","0","0","False","False","0","0","0","0","0","0","0","0","0, 0, 0, 0","0, 0, 0, 0","0","0","0","0","0","0","0","0","0","0","0","0","0","0","0","0","0","0","0","0","0","0","0","0","0","0","0","0","0","0","0","0","0","0","0","0","0","0","False","False","0","False"
"45623","","0","","0","0","0","0","0","","","0","0","0","0","0","0","0","0","0","0","0","False","False","False","False","0","0","False","0","False","0","0","0","0","0","0","0","False","False","0","0","0","0","0","0","0","0","0, 0, 0, 0","0, 0, 0, 0","0","0","0","0","0","0","0","0","0","0","0","0","0","0","0","0","0","0","0","0","0","0","0","0","0","0","0","0","0","0","0","0","0","0","0","0","0","0","False","False","0","False"
"45624","","0","","0","0","0","0","0","","","0","0","0","0","0","0","0","0","0","0","0","False","False","False","False","0","0","False","0","False","0","0","0","0","0","0","0","False","False","0","0","0","0","0","0","0","0","0, 0, 0, 0","0, 0, 0, 0","0","0","0","0","0","0","0","0","0","0","0","0","0","0","0","0","0","0","0","0","0","0","0","0","0","0","0","0","0","0","0","0","0","0","0","0","0","0","False","False","0","False"
"45625","","0","","0","0","0","0","0","","","0","0","0","0","0","0","0","0","0","0","0","False","False","False","False","0","0","False","0","False","0","0","0","0","0","0","0","False","False","0","0","0","0","0","0","0","0","0, 0, 0, 0","0, 0, 0, 0","0","0","0","0","0","0","0","0","0","0","0","0","0","0","0","0","0","0","0","0","0","0","0","0","0","0","0","0","0","0","0","0","0","0","0","0","0","0","False","False","0","False"
"45626","","0","","0","0","0","0","0","","","0","0","0","0","0","0","0","0","0","0","0","False","False","False","False","0","0","False","0","False","0","0","0","0","0","0","0","False","False","0","0","0","0","0","0","0","0","0, 0, 0, 0","0, 0, 0, 0","0","0","0","0","0","0","0","0","0","0","0","0","0","0","0","0","0","0","0","0","0","0","0","0","0","0","0","0","0","0","0","0","0","0","0","0","0","0","False","False","0","False"
"45627","","0","","0","0","0","0","0","","","0","0","0","0","0","0","0","0","0","0","0","False","False","False","False","0","0","False","0","False","0","0","0","0","0","0","0","False","False","0","0","0","0","0","0","0","0","0, 0, 0, 0","0, 0, 0, 0","0","0","0","0","0","0","0","0","0","0","0","0","0","0","0","0","0","0","0","0","0","0","0","0","0","0","0","0","0","0","0","0","0","0","0","0","0","0","False","False","0","False"
"45628","","0","","0","0","0","0","0","","","0","0","0","0","0","0","0","0","0","0","0","False","False","False","False","0","0","False","0","False","0","0","0","0","0","0","0","False","False","0","0","0","0","0","0","0","0","0, 0, 0, 0","0, 0, 0, 0","0","0","0","0","0","0","0","0","0","0","0","0","0","0","0","0","0","0","0","0","0","0","0","0","0","0","0","0","0","0","0","0","0","0","0","0","0","0","False","False","0","False"
"45629","","0","","0","0","0","0","0","","","0","0","0","0","0","0","0","0","0","0","0","False","False","False","False","0","0","False","0","False","0","0","0","0","0","0","0","False","False","0","0","0","0","0","0","0","0","0, 0, 0, 0","0, 0, 0, 0","0","0","0","0","0","0","0","0","0","0","0","0","0","0","0","0","0","0","0","0","0","0","0","0","0","0","0","0","0","0","0","0","0","0","0","0","0","0","False","False","0","False"
"45630","","0","","0","0","0","0","0","","","0","0","0","0","0","0","0","0","0","0","0","False","False","False","False","0","0","False","0","False","0","0","0","0","0","0","0","False","False","0","0","0","0","0","0","0","0","0, 0, 0, 0","0, 0, 0, 0","0","0","0","0","0","0","0","0","0","0","0","0","0","0","0","0","0","0","0","0","0","0","0","0","0","0","0","0","0","0","0","0","0","0","0","0","0","0","False","False","0","False"
"45631","","0","","0","0","0","0","0","","","0","0","0","0","0","0","0","0","0","0","0","False","False","False","False","0","0","False","0","False","0","0","0","0","0","0","0","False","False","0","0","0","0","0","0","0","0","0, 0, 0, 0","0, 0, 0, 0","0","0","0","0","0","0","0","0","0","0","0","0","0","0","0","0","0","0","0","0","0","0","0","0","0","0","0","0","0","0","0","0","0","0","0","0","0","0","False","False","0","False"
"45632","","0","","0","0","0","0","0","","","0","0","0","0","0","0","0","0","0","0","0","False","False","False","False","0","0","False","0","False","0","0","0","0","0","0","0","False","False","0","0","0","0","0","0","0","0","0, 0, 0, 0","0, 0, 0, 0","0","0","0","0","0","0","0","0","0","0","0","0","0","0","0","0","0","0","0","0","0","0","0","0","0","0","0","0","0","0","0","0","0","0","0","0","0","0","False","False","0","False"
"45633","","0","","0","0","0","0","0","","","0","0","0","0","0","0","0","0","0","0","0","False","False","False","False","0","0","False","0","False","0","0","0","0","0","0","0","False","False","0","0","0","0","0","0","0","0","0, 0, 0, 0","0, 0, 0, 0","0","0","0","0","0","0","0","0","0","0","0","0","0","0","0","0","0","0","0","0","0","0","0","0","0","0","0","0","0","0","0","0","0","0","0","0","0","0","False","False","0","False"
"45634","","0","","0","0","0","0","0","","","0","0","0","0","0","0","0","0","0","0","0","False","False","False","False","0","0","False","0","False","0","0","0","0","0","0","0","False","False","0","0","0","0","0","0","0","0","0, 0, 0, 0","0, 0, 0, 0","0","0","0","0","0","0","0","0","0","0","0","0","0","0","0","0","0","0","0","0","0","0","0","0","0","0","0","0","0","0","0","0","0","0","0","0","0","0","False","False","0","False"
"45635","","0","","0","0","0","0","0","","","0","0","0","0","0","0","0","0","0","0","0","False","False","False","False","0","0","False","0","False","0","0","0","0","0","0","0","False","False","0","0","0","0","0","0","0","0","0, 0, 0, 0","0, 0, 0, 0","0","0","0","0","0","0","0","0","0","0","0","0","0","0","0","0","0","0","0","0","0","0","0","0","0","0","0","0","0","0","0","0","0","0","0","0","0","0","False","False","0","False"
"45636","","0","","0","0","0","0","0","","","0","0","0","0","0","0","0","0","0","0","0","False","False","False","False","0","0","False","0","False","0","0","0","0","0","0","0","False","False","0","0","0","0","0","0","0","0","0, 0, 0, 0","0, 0, 0, 0","0","0","0","0","0","0","0","0","0","0","0","0","0","0","0","0","0","0","0","0","0","0","0","0","0","0","0","0","0","0","0","0","0","0","0","0","0","0","False","False","0","False"
"45637","","0","","0","0","0","0","0","","","0","0","0","0","0","0","0","0","0","0","0","False","False","False","False","0","0","False","0","False","0","0","0","0","0","0","0","False","False","0","0","0","0","0","0","0","0","0, 0, 0, 0","0, 0, 0, 0","0","0","0","0","0","0","0","0","0","0","0","0","0","0","0","0","0","0","0","0","0","0","0","0","0","0","0","0","0","0","0","0","0","0","0","0","0","0","False","False","0","False"
"45638","","0","","0","0","0","0","0","","","0","0","0","0","0","0","0","0","0","0","0","False","False","False","False","0","0","False","0","False","0","0","0","0","0","0","0","False","False","0","0","0","0","0","0","0","0","0, 0, 0, 0","0, 0, 0, 0","0","0","0","0","0","0","0","0","0","0","0","0","0","0","0","0","0","0","0","0","0","0","0","0","0","0","0","0","0","0","0","0","0","0","0","0","0","0","False","False","0","False"
"45639","","0","","0","0","0","0","0","","","0","0","0","0","0","0","0","0","0","0","0","False","False","False","False","0","0","False","0","False","0","0","0","0","0","0","0","False","False","0","0","0","0","0","0","0","0","0, 0, 0, 0","0, 0, 0, 0","0","0","0","0","0","0","0","0","0","0","0","0","0","0","0","0","0","0","0","0","0","0","0","0","0","0","0","0","0","0","0","0","0","0","0","0","0","0","False","False","0","False"
"45640","","0","","0","0","0","0","0","","","0","0","0","0","0","0","0","0","0","0","0","False","False","False","False","0","0","False","0","False","0","0","0","0","0","0","0","False","False","0","0","0","0","0","0","0","0","0, 0, 0, 0","0, 0, 0, 0","0","0","0","0","0","0","0","0","0","0","0","0","0","0","0","0","0","0","0","0","0","0","0","0","0","0","0","0","0","0","0","0","0","0","0","0","0","0","False","False","0","False"
"45641","","0","","0","0","0","0","0","","","0","0","0","0","0","0","0","0","0","0","0","False","False","False","False","0","0","False","0","False","0","0","0","0","0","0","0","False","False","0","0","0","0","0","0","0","0","0, 0, 0, 0","0, 0, 0, 0","0","0","0","0","0","0","0","0","0","0","0","0","0","0","0","0","0","0","0","0","0","0","0","0","0","0","0","0","0","0","0","0","0","0","0","0","0","0","False","False","0","False"
"45642","","0","","0","0","0","0","0","","","0","0","0","0","0","0","0","0","0","0","0","False","False","False","False","0","0","False","0","False","0","0","0","0","0","0","0","False","False","0","0","0","0","0","0","0","0","0, 0, 0, 0","0, 0, 0, 0","0","0","0","0","0","0","0","0","0","0","0","0","0","0","0","0","0","0","0","0","0","0","0","0","0","0","0","0","0","0","0","0","0","0","0","0","0","0","False","False","0","False"
"45643","","0","","0","0","0","0","0","","","0","0","0","0","0","0","0","0","0","0","0","False","False","False","False","0","0","False","0","False","0","0","0","0","0","0","0","False","False","0","0","0","0","0","0","0","0","0, 0, 0, 0","0, 0, 0, 0","0","0","0","0","0","0","0","0","0","0","0","0","0","0","0","0","0","0","0","0","0","0","0","0","0","0","0","0","0","0","0","0","0","0","0","0","0","0","False","False","0","False"
"45644","","0","","0","0","0","0","0","","","0","0","0","0","0","0","0","0","0","0","0","False","False","False","False","0","0","False","0","False","0","0","0","0","0","0","0","False","False","0","0","0","0","0","0","0","0","0, 0, 0, 0","0, 0, 0, 0","0","0","0","0","0","0","0","0","0","0","0","0","0","0","0","0","0","0","0","0","0","0","0","0","0","0","0","0","0","0","0","0","0","0","0","0","0","0","False","False","0","False"
"45645","","0","","0","0","0","0","0","","","0","0","0","0","0","0","0","0","0","0","0","False","False","False","False","0","0","False","0","False","0","0","0","0","0","0","0","False","False","0","0","0","0","0","0","0","0","0, 0, 0, 0","0, 0, 0, 0","0","0","0","0","0","0","0","0","0","0","0","0","0","0","0","0","0","0","0","0","0","0","0","0","0","0","0","0","0","0","0","0","0","0","0","0","0","0","False","False","0","False"
"45646","","0","","0","0","0","0","0","","","0","0","0","0","0","0","0","0","0","0","0","False","False","False","False","0","0","False","0","False","0","0","0","0","0","0","0","False","False","0","0","0","0","0","0","0","0","0, 0, 0, 0","0, 0, 0, 0","0","0","0","0","0","0","0","0","0","0","0","0","0","0","0","0","0","0","0","0","0","0","0","0","0","0","0","0","0","0","0","0","0","0","0","0","0","0","False","False","0","False"
"45647","","0","","0","0","0","0","0","","","0","0","0","0","0","0","0","0","0","0","0","False","False","False","False","0","0","False","0","False","0","0","0","0","0","0","0","False","False","0","0","0","0","0","0","0","0","0, 0, 0, 0","0, 0, 0, 0","0","0","0","0","0","0","0","0","0","0","0","0","0","0","0","0","0","0","0","0","0","0","0","0","0","0","0","0","0","0","0","0","0","0","0","0","0","0","False","False","0","False"
"45648","","0","","0","0","0","0","0","","","0","0","0","0","0","0","0","0","0","0","0","False","False","False","False","0","0","False","0","False","0","0","0","0","0","0","0","False","False","0","0","0","0","0","0","0","0","0, 0, 0, 0","0, 0, 0, 0","0","0","0","0","0","0","0","0","0","0","0","0","0","0","0","0","0","0","0","0","0","0","0","0","0","0","0","0","0","0","0","0","0","0","0","0","0","0","False","False","0","False"
"45649","","0","","0","0","0","0","0","","","0","0","0","0","0","0","0","0","0","0","0","False","False","False","False","0","0","False","0","False","0","0","0","0","0","0","0","False","False","0","0","0","0","0","0","0","0","0, 0, 0, 0","0, 0, 0, 0","0","0","0","0","0","0","0","0","0","0","0","0","0","0","0","0","0","0","0","0","0","0","0","0","0","0","0","0","0","0","0","0","0","0","0","0","0","0","False","False","0","False"
"45650","","0","","0","0","0","0","0","","","0","0","0","0","0","0","0","0","0","0","0","False","False","False","False","0","0","False","0","False","0","0","0","0","0","0","0","False","False","0","0","0","0","0","0","0","0","0, 0, 0, 0","0, 0, 0, 0","0","0","0","0","0","0","0","0","0","0","0","0","0","0","0","0","0","0","0","0","0","0","0","0","0","0","0","0","0","0","0","0","0","0","0","0","0","0","False","False","0","False"
"45651","","0","","0","0","0","0","0","","","0","0","0","0","0","0","0","0","0","0","0","False","False","False","False","0","0","False","0","False","0","0","0","0","0","0","0","False","False","0","0","0","0","0","0","0","0","0, 0, 0, 0","0, 0, 0, 0","0","0","0","0","0","0","0","0","0","0","0","0","0","0","0","0","0","0","0","0","0","0","0","0","0","0","0","0","0","0","0","0","0","0","0","0","0","0","False","False","0","False"
"45652","","0","","0","0","0","0","0","","","0","0","0","0","0","0","0","0","0","0","0","False","False","False","False","0","0","False","0","False","0","0","0","0","0","0","0","False","False","0","0","0","0","0","0","0","0","0, 0, 0, 0","0, 0, 0, 0","0","0","0","0","0","0","0","0","0","0","0","0","0","0","0","0","0","0","0","0","0","0","0","0","0","0","0","0","0","0","0","0","0","0","0","0","0","0","False","False","0","False"
"45653","","0","","0","0","0","0","0","","","0","0","0","0","0","0","0","0","0","0","0","False","False","False","False","0","0","False","0","False","0","0","0","0","0","0","0","False","False","0","0","0","0","0","0","0","0","0, 0, 0, 0","0, 0, 0, 0","0","0","0","0","0","0","0","0","0","0","0","0","0","0","0","0","0","0","0","0","0","0","0","0","0","0","0","0","0","0","0","0","0","0","0","0","0","0","False","False","0","False"
"45654","","0","","0","0","0","0","0","","","0","0","0","0","0","0","0","0","0","0","0","False","False","False","False","0","0","False","0","False","0","0","0","0","0","0","0","False","False","0","0","0","0","0","0","0","0","0, 0, 0, 0","0, 0, 0, 0","0","0","0","0","0","0","0","0","0","0","0","0","0","0","0","0","0","0","0","0","0","0","0","0","0","0","0","0","0","0","0","0","0","0","0","0","0","0","False","False","0","False"
"45655","","0","","0","0","0","0","0","","","0","0","0","0","0","0","0","0","0","0","0","False","False","False","False","0","0","False","0","False","0","0","0","0","0","0","0","False","False","0","0","0","0","0","0","0","0","0, 0, 0, 0","0, 0, 0, 0","0","0","0","0","0","0","0","0","0","0","0","0","0","0","0","0","0","0","0","0","0","0","0","0","0","0","0","0","0","0","0","0","0","0","0","0","0","0","False","False","0","False"
"45656","","0","","0","0","0","0","0","","","0","0","0","0","0","0","0","0","0","0","0","False","False","False","False","0","0","False","0","False","0","0","0","0","0","0","0","False","False","0","0","0","0","0","0","0","0","0, 0, 0, 0","0, 0, 0, 0","0","0","0","0","0","0","0","0","0","0","0","0","0","0","0","0","0","0","0","0","0","0","0","0","0","0","0","0","0","0","0","0","0","0","0","0","0","0","False","False","0","False"
"45657","","0","","0","0","0","0","0","","","0","0","0","0","0","0","0","0","0","0","0","False","False","False","False","0","0","False","0","False","0","0","0","0","0","0","0","False","False","0","0","0","0","0","0","0","0","0, 0, 0, 0","0, 0, 0, 0","0","0","0","0","0","0","0","0","0","0","0","0","0","0","0","0","0","0","0","0","0","0","0","0","0","0","0","0","0","0","0","0","0","0","0","0","0","0","False","False","0","False"
"45658","","0","","0","0","0","0","0","","","0","0","0","0","0","0","0","0","0","0","0","False","False","False","False","0","0","False","0","False","0","0","0","0","0","0","0","False","False","0","0","0","0","0","0","0","0","0, 0, 0, 0","0, 0, 0, 0","0","0","0","0","0","0","0","0","0","0","0","0","0","0","0","0","0","0","0","0","0","0","0","0","0","0","0","0","0","0","0","0","0","0","0","0","0","0","False","False","0","False"
"45659","","0","","0","0","0","0","0","","","0","0","0","0","0","0","0","0","0","0","0","False","False","False","False","0","0","False","0","False","0","0","0","0","0","0","0","False","False","0","0","0","0","0","0","0","0","0, 0, 0, 0","0, 0, 0, 0","0","0","0","0","0","0","0","0","0","0","0","0","0","0","0","0","0","0","0","0","0","0","0","0","0","0","0","0","0","0","0","0","0","0","0","0","0","0","False","False","0","False"
"45660","","0","","0","0","0","0","0","","","0","0","0","0","0","0","0","0","0","0","0","False","False","False","False","0","0","False","0","False","0","0","0","0","0","0","0","False","False","0","0","0","0","0","0","0","0","0, 0, 0, 0","0, 0, 0, 0","0","0","0","0","0","0","0","0","0","0","0","0","0","0","0","0","0","0","0","0","0","0","0","0","0","0","0","0","0","0","0","0","0","0","0","0","0","0","False","False","0","False"
"45661","","0","","0","0","0","0","0","","","0","0","0","0","0","0","0","0","0","0","0","False","False","False","False","0","0","False","0","False","0","0","0","0","0","0","0","False","False","0","0","0","0","0","0","0","0","0, 0, 0, 0","0, 0, 0, 0","0","0","0","0","0","0","0","0","0","0","0","0","0","0","0","0","0","0","0","0","0","0","0","0","0","0","0","0","0","0","0","0","0","0","0","0","0","0","False","False","0","False"
"45662","","0","","0","0","0","0","0","","","0","0","0","0","0","0","0","0","0","0","0","False","False","False","False","0","0","False","0","False","0","0","0","0","0","0","0","False","False","0","0","0","0","0","0","0","0","0, 0, 0, 0","0, 0, 0, 0","0","0","0","0","0","0","0","0","0","0","0","0","0","0","0","0","0","0","0","0","0","0","0","0","0","0","0","0","0","0","0","0","0","0","0","0","0","0","False","False","0","False"
"45663","","0","","0","0","0","0","0","","","0","0","0","0","0","0","0","0","0","0","0","False","False","False","False","0","0","False","0","False","0","0","0","0","0","0","0","False","False","0","0","0","0","0","0","0","0","0, 0, 0, 0","0, 0, 0, 0","0","0","0","0","0","0","0","0","0","0","0","0","0","0","0","0","0","0","0","0","0","0","0","0","0","0","0","0","0","0","0","0","0","0","0","0","0","0","False","False","0","False"
"45664","","0","","0","0","0","0","0","","","0","0","0","0","0","0","0","0","0","0","0","False","False","False","False","0","0","False","0","False","0","0","0","0","0","0","0","False","False","0","0","0","0","0","0","0","0","0, 0, 0, 0","0, 0, 0, 0","0","0","0","0","0","0","0","0","0","0","0","0","0","0","0","0","0","0","0","0","0","0","0","0","0","0","0","0","0","0","0","0","0","0","0","0","0","0","False","False","0","False"
"45665","","0","","0","0","0","0","0","","","0","0","0","0","0","0","0","0","0","0","0","False","False","False","False","0","0","False","0","False","0","0","0","0","0","0","0","False","False","0","0","0","0","0","0","0","0","0, 0, 0, 0","0, 0, 0, 0","0","0","0","0","0","0","0","0","0","0","0","0","0","0","0","0","0","0","0","0","0","0","0","0","0","0","0","0","0","0","0","0","0","0","0","0","0","0","False","False","0","False"
"45666","","0","","0","0","0","0","0","","","0","0","0","0","0","0","0","0","0","0","0","False","False","False","False","0","0","False","0","False","0","0","0","0","0","0","0","False","False","0","0","0","0","0","0","0","0","0, 0, 0, 0","0, 0, 0, 0","0","0","0","0","0","0","0","0","0","0","0","0","0","0","0","0","0","0","0","0","0","0","0","0","0","0","0","0","0","0","0","0","0","0","0","0","0","0","False","False","0","False"
"45667","","0","","0","0","0","0","0","","","0","0","0","0","0","0","0","0","0","0","0","False","False","False","False","0","0","False","0","False","0","0","0","0","0","0","0","False","False","0","0","0","0","0","0","0","0","0, 0, 0, 0","0, 0, 0, 0","0","0","0","0","0","0","0","0","0","0","0","0","0","0","0","0","0","0","0","0","0","0","0","0","0","0","0","0","0","0","0","0","0","0","0","0","0","0","False","False","0","False"
"45668","","0","","0","0","0","0","0","","","0","0","0","0","0","0","0","0","0","0","0","False","False","False","False","0","0","False","0","False","0","0","0","0","0","0","0","False","False","0","0","0","0","0","0","0","0","0, 0, 0, 0","0, 0, 0, 0","0","0","0","0","0","0","0","0","0","0","0","0","0","0","0","0","0","0","0","0","0","0","0","0","0","0","0","0","0","0","0","0","0","0","0","0","0","0","False","False","0","False"
"45669","","0","","0","0","0","0","0","","","0","0","0","0","0","0","0","0","0","0","0","False","False","False","False","0","0","False","0","False","0","0","0","0","0","0","0","False","False","0","0","0","0","0","0","0","0","0, 0, 0, 0","0, 0, 0, 0","0","0","0","0","0","0","0","0","0","0","0","0","0","0","0","0","0","0","0","0","0","0","0","0","0","0","0","0","0","0","0","0","0","0","0","0","0","0","False","False","0","False"
"45670","","0","","0","0","0","0","0","","","0","0","0","0","0","0","0","0","0","0","0","False","False","False","False","0","0","False","0","False","0","0","0","0","0","0","0","False","False","0","0","0","0","0","0","0","0","0, 0, 0, 0","0, 0, 0, 0","0","0","0","0","0","0","0","0","0","0","0","0","0","0","0","0","0","0","0","0","0","0","0","0","0","0","0","0","0","0","0","0","0","0","0","0","0","0","False","False","0","False"
"45671","","0","","0","0","0","0","0","","","0","0","0","0","0","0","0","0","0","0","0","False","False","False","False","0","0","False","0","False","0","0","0","0","0","0","0","False","False","0","0","0","0","0","0","0","0","0, 0, 0, 0","0, 0, 0, 0","0","0","0","0","0","0","0","0","0","0","0","0","0","0","0","0","0","0","0","0","0","0","0","0","0","0","0","0","0","0","0","0","0","0","0","0","0","0","False","False","0","False"
"45672","","0","","0","0","0","0","0","","","0","0","0","0","0","0","0","0","0","0","0","False","False","False","False","0","0","False","0","False","0","0","0","0","0","0","0","False","False","0","0","0","0","0","0","0","0","0, 0, 0, 0","0, 0, 0, 0","0","0","0","0","0","0","0","0","0","0","0","0","0","0","0","0","0","0","0","0","0","0","0","0","0","0","0","0","0","0","0","0","0","0","0","0","0","0","False","False","0","False"
"45673","","0","","0","0","0","0","0","","","0","0","0","0","0","0","0","0","0","0","0","False","False","False","False","0","0","False","0","False","0","0","0","0","0","0","0","False","False","0","0","0","0","0","0","0","0","0, 0, 0, 0","0, 0, 0, 0","0","0","0","0","0","0","0","0","0","0","0","0","0","0","0","0","0","0","0","0","0","0","0","0","0","0","0","0","0","0","0","0","0","0","0","0","0","0","False","False","0","False"
"45674","","0","","0","0","0","0","0","","","0","0","0","0","0","0","0","0","0","0","0","False","False","False","False","0","0","False","0","False","0","0","0","0","0","0","0","False","False","0","0","0","0","0","0","0","0","0, 0, 0, 0","0, 0, 0, 0","0","0","0","0","0","0","0","0","0","0","0","0","0","0","0","0","0","0","0","0","0","0","0","0","0","0","0","0","0","0","0","0","0","0","0","0","0","0","False","False","0","False"
"45675","","0","","0","0","0","0","0","","","0","0","0","0","0","0","0","0","0","0","0","False","False","False","False","0","0","False","0","False","0","0","0","0","0","0","0","False","False","0","0","0","0","0","0","0","0","0, 0, 0, 0","0, 0, 0, 0","0","0","0","0","0","0","0","0","0","0","0","0","0","0","0","0","0","0","0","0","0","0","0","0","0","0","0","0","0","0","0","0","0","0","0","0","0","0","False","False","0","False"
"45676","","0","","0","0","0","0","0","","","0","0","0","0","0","0","0","0","0","0","0","False","False","False","False","0","0","False","0","False","0","0","0","0","0","0","0","False","False","0","0","0","0","0","0","0","0","0, 0, 0, 0","0, 0, 0, 0","0","0","0","0","0","0","0","0","0","0","0","0","0","0","0","0","0","0","0","0","0","0","0","0","0","0","0","0","0","0","0","0","0","0","0","0","0","0","False","False","0","False"
"45677","","0","","0","0","0","0","0","","","0","0","0","0","0","0","0","0","0","0","0","False","False","False","False","0","0","False","0","False","0","0","0","0","0","0","0","False","False","0","0","0","0","0","0","0","0","0, 0, 0, 0","0, 0, 0, 0","0","0","0","0","0","0","0","0","0","0","0","0","0","0","0","0","0","0","0","0","0","0","0","0","0","0","0","0","0","0","0","0","0","0","0","0","0","0","False","False","0","False"
"45678","","0","","0","0","0","0","0","","","0","0","0","0","0","0","0","0","0","0","0","False","False","False","False","0","0","False","0","False","0","0","0","0","0","0","0","False","False","0","0","0","0","0","0","0","0","0, 0, 0, 0","0, 0, 0, 0","0","0","0","0","0","0","0","0","0","0","0","0","0","0","0","0","0","0","0","0","0","0","0","0","0","0","0","0","0","0","0","0","0","0","0","0","0","0","False","False","0","False"
"45679","","0","","0","0","0","0","0","","","0","0","0","0","0","0","0","0","0","0","0","False","False","False","False","0","0","False","0","False","0","0","0","0","0","0","0","False","False","0","0","0","0","0","0","0","0","0, 0, 0, 0","0, 0, 0, 0","0","0","0","0","0","0","0","0","0","0","0","0","0","0","0","0","0","0","0","0","0","0","0","0","0","0","0","0","0","0","0","0","0","0","0","0","0","0","False","False","0","False"
"45680","","0","","0","0","0","0","0","","","0","0","0","0","0","0","0","0","0","0","0","False","False","False","False","0","0","False","0","False","0","0","0","0","0","0","0","False","False","0","0","0","0","0","0","0","0","0, 0, 0, 0","0, 0, 0, 0","0","0","0","0","0","0","0","0","0","0","0","0","0","0","0","0","0","0","0","0","0","0","0","0","0","0","0","0","0","0","0","0","0","0","0","0","0","0","False","False","0","False"
"45681","","0","","0","0","0","0","0","","","0","0","0","0","0","0","0","0","0","0","0","False","False","False","False","0","0","False","0","False","0","0","0","0","0","0","0","False","False","0","0","0","0","0","0","0","0","0, 0, 0, 0","0, 0, 0, 0","0","0","0","0","0","0","0","0","0","0","0","0","0","0","0","0","0","0","0","0","0","0","0","0","0","0","0","0","0","0","0","0","0","0","0","0","0","0","False","False","0","False"
"45682","","0","","0","0","0","0","0","","","0","0","0","0","0","0","0","0","0","0","0","False","False","False","False","0","0","False","0","False","0","0","0","0","0","0","0","False","False","0","0","0","0","0","0","0","0","0, 0, 0, 0","0, 0, 0, 0","0","0","0","0","0","0","0","0","0","0","0","0","0","0","0","0","0","0","0","0","0","0","0","0","0","0","0","0","0","0","0","0","0","0","0","0","0","0","False","False","0","False"
"45683","","0","","0","0","0","0","0","","","0","0","0","0","0","0","0","0","0","0","0","False","False","False","False","0","0","False","0","False","0","0","0","0","0","0","0","False","False","0","0","0","0","0","0","0","0","0, 0, 0, 0","0, 0, 0, 0","0","0","0","0","0","0","0","0","0","0","0","0","0","0","0","0","0","0","0","0","0","0","0","0","0","0","0","0","0","0","0","0","0","0","0","0","0","0","False","False","0","False"
"45684","","0","","0","0","0","0","0","","","0","0","0","0","0","0","0","0","0","0","0","False","False","False","False","0","0","False","0","False","0","0","0","0","0","0","0","False","False","0","0","0","0","0","0","0","0","0, 0, 0, 0","0, 0, 0, 0","0","0","0","0","0","0","0","0","0","0","0","0","0","0","0","0","0","0","0","0","0","0","0","0","0","0","0","0","0","0","0","0","0","0","0","0","0","0","False","False","0","False"
"45685","","0","","0","0","0","0","0","","","0","0","0","0","0","0","0","0","0","0","0","False","False","False","False","0","0","False","0","False","0","0","0","0","0","0","0","False","False","0","0","0","0","0","0","0","0","0, 0, 0, 0","0, 0, 0, 0","0","0","0","0","0","0","0","0","0","0","0","0","0","0","0","0","0","0","0","0","0","0","0","0","0","0","0","0","0","0","0","0","0","0","0","0","0","0","False","False","0","False"
"45686","","0","","0","0","0","0","0","","","0","0","0","0","0","0","0","0","0","0","0","False","False","False","False","0","0","False","0","False","0","0","0","0","0","0","0","False","False","0","0","0","0","0","0","0","0","0, 0, 0, 0","0, 0, 0, 0","0","0","0","0","0","0","0","0","0","0","0","0","0","0","0","0","0","0","0","0","0","0","0","0","0","0","0","0","0","0","0","0","0","0","0","0","0","0","False","False","0","False"
"45687","","0","","0","0","0","0","0","","","0","0","0","0","0","0","0","0","0","0","0","False","False","False","False","0","0","False","0","False","0","0","0","0","0","0","0","False","False","0","0","0","0","0","0","0","0","0, 0, 0, 0","0, 0, 0, 0","0","0","0","0","0","0","0","0","0","0","0","0","0","0","0","0","0","0","0","0","0","0","0","0","0","0","0","0","0","0","0","0","0","0","0","0","0","0","False","False","0","False"
"45688","","0","","0","0","0","0","0","","","0","0","0","0","0","0","0","0","0","0","0","False","False","False","False","0","0","False","0","False","0","0","0","0","0","0","0","False","False","0","0","0","0","0","0","0","0","0, 0, 0, 0","0, 0, 0, 0","0","0","0","0","0","0","0","0","0","0","0","0","0","0","0","0","0","0","0","0","0","0","0","0","0","0","0","0","0","0","0","0","0","0","0","0","0","0","False","False","0","False"
"45689","","0","","0","0","0","0","0","","","0","0","0","0","0","0","0","0","0","0","0","False","False","False","False","0","0","False","0","False","0","0","0","0","0","0","0","False","False","0","0","0","0","0","0","0","0","0, 0, 0, 0","0, 0, 0, 0","0","0","0","0","0","0","0","0","0","0","0","0","0","0","0","0","0","0","0","0","0","0","0","0","0","0","0","0","0","0","0","0","0","0","0","0","0","0","False","False","0","False"
"45690","","0","","0","0","0","0","0","","","0","0","0","0","0","0","0","0","0","0","0","False","False","False","False","0","0","False","0","False","0","0","0","0","0","0","0","False","False","0","0","0","0","0","0","0","0","0, 0, 0, 0","0, 0, 0, 0","0","0","0","0","0","0","0","0","0","0","0","0","0","0","0","0","0","0","0","0","0","0","0","0","0","0","0","0","0","0","0","0","0","0","0","0","0","0","False","False","0","False"
"45691","","0","","0","0","0","0","0","","","0","0","0","0","0","0","0","0","0","0","0","False","False","False","False","0","0","False","0","False","0","0","0","0","0","0","0","False","False","0","0","0","0","0","0","0","0","0, 0, 0, 0","0, 0, 0, 0","0","0","0","0","0","0","0","0","0","0","0","0","0","0","0","0","0","0","0","0","0","0","0","0","0","0","0","0","0","0","0","0","0","0","0","0","0","0","False","False","0","False"
"45692","","0","","0","0","0","0","0","","","0","0","0","0","0","0","0","0","0","0","0","False","False","False","False","0","0","False","0","False","0","0","0","0","0","0","0","False","False","0","0","0","0","0","0","0","0","0, 0, 0, 0","0, 0, 0, 0","0","0","0","0","0","0","0","0","0","0","0","0","0","0","0","0","0","0","0","0","0","0","0","0","0","0","0","0","0","0","0","0","0","0","0","0","0","0","False","False","0","False"
"45693","","0","","0","0","0","0","0","","","0","0","0","0","0","0","0","0","0","0","0","False","False","False","False","0","0","False","0","False","0","0","0","0","0","0","0","False","False","0","0","0","0","0","0","0","0","0, 0, 0, 0","0, 0, 0, 0","0","0","0","0","0","0","0","0","0","0","0","0","0","0","0","0","0","0","0","0","0","0","0","0","0","0","0","0","0","0","0","0","0","0","0","0","0","0","False","False","0","False"
"45694","","0","","0","0","0","0","0","","","0","0","0","0","0","0","0","0","0","0","0","False","False","False","False","0","0","False","0","False","0","0","0","0","0","0","0","False","False","0","0","0","0","0","0","0","0","0, 0, 0, 0","0, 0, 0, 0","0","0","0","0","0","0","0","0","0","0","0","0","0","0","0","0","0","0","0","0","0","0","0","0","0","0","0","0","0","0","0","0","0","0","0","0","0","0","False","False","0","False"
"45695","","0","","0","0","0","0","0","","","0","0","0","0","0","0","0","0","0","0","0","False","False","False","False","0","0","False","0","False","0","0","0","0","0","0","0","False","False","0","0","0","0","0","0","0","0","0, 0, 0, 0","0, 0, 0, 0","0","0","0","0","0","0","0","0","0","0","0","0","0","0","0","0","0","0","0","0","0","0","0","0","0","0","0","0","0","0","0","0","0","0","0","0","0","0","False","False","0","False"
"45696","","0","","0","0","0","0","0","","","0","0","0","0","0","0","0","0","0","0","0","False","False","False","False","0","0","False","0","False","0","0","0","0","0","0","0","False","False","0","0","0","0","0","0","0","0","0, 0, 0, 0","0, 0, 0, 0","0","0","0","0","0","0","0","0","0","0","0","0","0","0","0","0","0","0","0","0","0","0","0","0","0","0","0","0","0","0","0","0","0","0","0","0","0","0","False","False","0","False"
"45697","","0","","0","0","0","0","0","","","0","0","0","0","0","0","0","0","0","0","0","False","False","False","False","0","0","False","0","False","0","0","0","0","0","0","0","False","False","0","0","0","0","0","0","0","0","0, 0, 0, 0","0, 0, 0, 0","0","0","0","0","0","0","0","0","0","0","0","0","0","0","0","0","0","0","0","0","0","0","0","0","0","0","0","0","0","0","0","0","0","0","0","0","0","0","False","False","0","False"
"45698","","0","","0","0","0","0","0","","","0","0","0","0","0","0","0","0","0","0","0","False","False","False","False","0","0","False","0","False","0","0","0","0","0","0","0","False","False","0","0","0","0","0","0","0","0","0, 0, 0, 0","0, 0, 0, 0","0","0","0","0","0","0","0","0","0","0","0","0","0","0","0","0","0","0","0","0","0","0","0","0","0","0","0","0","0","0","0","0","0","0","0","0","0","0","False","False","0","False"
"45699","","0","","0","0","0","0","0","","","0","0","0","0","0","0","0","0","0","0","0","False","False","False","False","0","0","False","0","False","0","0","0","0","0","0","0","False","False","0","0","0","0","0","0","0","0","0, 0, 0, 0","0, 0, 0, 0","0","0","0","0","0","0","0","0","0","0","0","0","0","0","0","0","0","0","0","0","0","0","0","0","0","0","0","0","0","0","0","0","0","0","0","0","0","0","False","False","0","False"
"45700","","0","","0","0","0","0","0","","","0","0","0","0","0","0","0","0","0","0","0","False","False","False","False","0","0","False","0","False","0","0","0","0","0","0","0","False","False","0","0","0","0","0","0","0","0","0, 0, 0, 0","0, 0, 0, 0","0","0","0","0","0","0","0","0","0","0","0","0","0","0","0","0","0","0","0","0","0","0","0","0","0","0","0","0","0","0","0","0","0","0","0","0","0","0","False","False","0","False"
"45500","風魔の装束・陰【威】","0","","0","0","1","0","0","","風魔の装束・陰【威】","42947","1","1","51","0","112","0","0","84","0","1","False","True","False","False","2","0","False","0","False","0","2","0","0","0","0","0","False","False","0","1","0","1","103","0","0","0","0, 0, 0, 0","0, 0, 0, 0","0","0","0","0","0","0","0","0","0","0","0","0","0","0","0","0","0","0","0","0","0","0","0","0","0","0","0","0","0","0","0","0","0","0","0","0","0","0","False","False","0","False"
"45501","プレスティージ・ロイヤル・アタイア","0","","0","0","1","0","0","","プレスティージ・ロイヤル・アタイア","42931","1","1","51","0","112","0","0","84","0","1","False","True","False","False","2","0","False","0","False","0","2","0","0","0","0","0","False","False","0","1","0","1","64","0","0","0","0, 0, 0, 0","0, 0, 0, 0","0","0","0","0","0","0","0","0","0","0","0","0","0","0","0","0","0","0","0","0","0","0","0","0","0","0","0","0","0","0","0","0","0","0","0","0","0","0","False","False","0","False"
"45502","プレスティージ・クリムゾン・アタイア","0","","0","0","1","0","0","","プレスティージ・クリムゾン・アタイア","42930","1","1","51","0","112","0","0","84","0","1","False","True","False","False","2","0","False","0","False","0","2","0","0","0","0","0","False","False","0","1","0","1","63","0","0","0","0, 0, 0, 0","0, 0, 0, 0","0","0","0","0","0","0","0","0","0","0","0","0","0","0","0","0","0","0","0","0","0","0","0","0","0","0","0","0","0","0","0","0","0","0","0","0","0","0","False","False","0","False"
"45503","エデュカント・スラックス・アタイア","0","","0","0","1","0","0","","エデュカント・スラックス・アタイア","42942","1","1","51","0","112","0","0","84","0","1","False","True","False","False","2","0","False","0","False","0","2","0","0","0","0","0","False","False","0","1","0","1","1","0","0","0","0, 0, 0, 0","0, 0, 0, 0","0","0","0","0","0","0","0","0","0","0","0","0","0","0","0","0","0","0","0","0","0","0","0","0","0","0","0","0","0","0","0","0","0","0","0","0","0","0","False","False","0","False"
"45504","エデュカント・スカート・アタイア","0","","0","0","1","0","0","","エデュカント・スカート・アタイア","42941","1","1","51","0","112","0","0","84","0","1","False","True","False","False","2","0","False","0","False","0","2","0","0","0","0","0","False","False","0","1","0","1","1","0","0","0","0, 0, 0, 0","0, 0, 0, 0","0","0","0","0","0","0","0","0","0","0","0","0","0","0","0","0","0","0","0","0","0","0","0","0","0","0","0","0","0","0","0","0","0","0","0","0","0","0","False","False","0","False"
"45505","マジテック・アタイア","0","","0","0","1","0","0","","マジテック・アタイア","42948","1","1","51","0","112","0","0","84","0","1","False","True","False","False","2","0","False","0","False","0","2","0","0","0","0","0","False","False","0","1","0","1","1","0","0","0","0, 0, 0, 0","0, 0, 0, 0","0","0","0","0","0","0","0","0","0","0","0","0","0","0","0","0","0","0","0","0","0","0","0","0","0","0","0","0","0","0","0","0","0","0","0","0","0","0","False","False","0","False"
"45506","サロンサーバー・ベスト・アタイア","0","","0","0","1","0","0","","サロンサーバー・ベスト・アタイア","42929","1","1","51","0","112","0","0","84","0","1","False","True","False","False","2","0","True","0","False","0","2","0","0","0","0","0","False","False","0","1","0","1","1","0","0","0","0, 0, 0, 0","0, 0, 0, 0","0","0","0","0","0","0","0","0","0","0","0","0","0","0","0","0","0","0","0","0","0","0","0","0","0","0","0","0","0","0","0","0","0","0","0","0","0","0","False","False","0","False"
"45507","サロンサーバー・ドレスベスト・アタイア","0","","0","0","1","0","0","","サロンサーバー・ドレスベスト・アタイア","42928","1","1","51","0","112","0","0","84","0","1","False","True","False","False","2","0","True","0","False","0","2","0","0","0","0","0","False","False","0","1","0","1","1","0","0","0","0, 0, 0, 0","0, 0, 0, 0","0","0","0","0","0","0","0","0","0","0","0","0","0","0","0","0","0","0","0","0","0","0","0","0","0","0","0","0","0","0","0","0","0","0","0","0","0","0","False","False","0","False"
"45508","ファルスモナキー・アタイア","0","","0","0","1","0","0","","ファルスモナキー・アタイア","42916","1","1","51","0","112","0","0","84","0","1","False","True","False","False","2","0","False","0","False","0","2","0","0","0","0","0","False","False","0","1","0","1","1","0","0","0","0, 0, 0, 0","0, 0, 0, 0","0","0","0","0","0","0","0","0","0","0","0","0","0","0","0","0","0","0","0","0","0","0","0","0","0","0","0","0","0","0","0","0","0","0","0","0","0","0","False","False","0","False"
"45509","夜鶴装束","0","","0","0","1","0","0","","夜鶴装束","42945","1","1","51","0","112","0","0","84","0","1","False","True","False","False","2","0","False","0","False","0","2","0","0","0","0","0","False","False","0","1","0","1","1","0","0","0","0, 0, 0, 0","0, 0, 0, 0","0","0","0","0","0","0","0","0","0","0","0","0","0","0","0","0","0","0","0","0","0","0","0","0","0","0","0","0","0","0","0","0","0","0","0","0","0","0","False","False","0","False"
"45510","夜鶴褌装束","0","","0","0","1","0","0","","夜鶴褌装束","42945","1","1","51","0","112","0","0","84","0","1","False","True","False","False","2","0","False","0","False","0","2","0","0","0","0","0","False","False","0","1","0","1","1","0","0","0","0, 0, 0, 0","0, 0, 0, 0","0","0","0","0","0","0","0","0","0","0","0","0","0","0","0","0","0","0","0","0","0","0","0","0","0","0","0","0","0","0","0","0","0","0","0","0","0","0","False","False","0","False"
"45511","プレスティージ・ハイアラガン・ディフェンダー・アタイア","0","","0","0","1","0","0","","プレスティージ・ハイアラガン・ディフェンダー・アタイア","42919","1","1","51","0","112","0","0","84","0","1","False","True","False","False","2","0","False","0","False","0","2","0","0","0","0","0","False","False","0","1","0","1","59","0","0","0","0, 0, 0, 0","0, 0, 0, 0","0","0","0","0","0","0","0","0","0","0","0","0","0","0","0","0","0","0","0","0","0","0","0","0","0","0","0","0","0","0","0","0","0","0","0","0","0","0","False","False","0","False"
"45512","プレスティージ・ハイアラガン・スレイヤー・アタイア","0","","0","0","1","0","0","","プレスティージ・ハイアラガン・スレイヤー・アタイア","42921","1","1","51","0","112","0","0","84","0","1","False","True","False","False","2","0","False","0","False","0","2","0","0","0","0","0","False","False","0","1","0","1","76","0","0","0","0, 0, 0, 0","0, 0, 0, 0","0","0","0","0","0","0","0","0","0","0","0","0","0","0","0","0","0","0","0","0","0","0","0","0","0","0","0","0","0","0","0","0","0","0","0","0","0","0","False","False","0","False"
"45513","プレスティージ・ハイアラガン・ストライカー・アタイア","0","","0","0","1","0","0","","プレスティージ・ハイアラガン・ストライカー・アタイア","42922","1","1","51","0","112","0","0","84","0","1","False","True","False","False","2","0","False","0","False","0","2","0","0","0","0","0","False","False","0","1","0","1","65","0","0","0","0, 0, 0, 0","0, 0, 0, 0","0","0","0","0","0","0","0","0","0","0","0","0","0","0","0","0","0","0","0","0","0","0","0","0","0","0","0","0","0","0","0","0","0","0","0","0","0","0","False","False","0","False"
"45514","プレスティージ・ハイアラガン・レンジャー・アタイア","0","","0","0","1","0","0","","プレスティージ・ハイアラガン・レンジャー・アタイア","42925","1","1","51","0","112","0","0","84","0","1","False","True","False","False","2","0","False","0","False","0","2","0","0","0","0","0","False","False","0","1","0","1","66","0","0","0","0, 0, 0, 0","0, 0, 0, 0","0","0","0","0","0","0","0","0","0","0","0","0","0","0","0","0","0","0","0","0","0","0","0","0","0","0","0","0","0","0","0","0","0","0","0","0","0","0","False","False","0","False"
"45515","プレスティージ・ハイアラガン・スカウト・アタイア","0","","0","0","1","0","0","","プレスティージ・ハイアラガン・スカウト・アタイア","42923","1","1","51","0","112","0","0","84","0","1","False","True","False","False","2","0","False","0","False","0","2","0","0","0","0","0","False","False","0","1","0","1","103","0","0","0","0, 0, 0, 0","0, 0, 0, 0","0","0","0","0","0","0","0","0","0","0","0","0","0","0","0","0","0","0","0","0","0","0","0","0","0","0","0","0","0","0","0","0","0","0","0","0","0","0","False","False","0","False"
"45516","プレスティージ・ハイアラガン・ヒーラー・アタイア","0","","0","0","1","0","0","","プレスティージ・ハイアラガン・ヒーラー・アタイア","42920","1","1","51","0","112","0","0","84","0","1","False","True","False","False","2","0","False","0","False","0","2","0","0","0","0","0","False","False","0","1","0","1","64","0","0","0","0, 0, 0, 0","0, 0, 0, 0","0","0","0","0","0","0","0","0","0","0","0","0","0","0","0","0","0","0","0","0","0","0","0","0","0","0","0","0","0","0","0","0","0","0","0","0","0","0","False","False","0","False"
"45517","プレスティージ・ハイアラガン・キャスター・アタイア","0","","0","0","1","0","0","","プレスティージ・ハイアラガン・キャスター・アタイア","42924","1","1","51","0","112","0","0","84","0","1","False","True","False","False","2","0","False","0","False","0","2","0","0","0","0","0","False","False","0","1","0","1","63","0","0","0","0, 0, 0, 0","0, 0, 0, 0","0","0","0","0","0","0","0","0","0","0","0","0","0","0","0","0","0","0","0","0","0","0","0","0","0","0","0","0","0","0","0","0","0","0","0","0","0","0","False","False","0","False"
"45518","プレーンパジャマ・アタイア","0","","0","0","1","0","0","","プレーンパジャマ・アタイア","42972","1","1","51","0","112","0","0","84","0","1","False","True","False","False","2","0","True","0","False","0","2","0","0","0","0","0","False","False","0","1","0","1","1","0","0","0","0, 0, 0, 0","0, 0, 0, 0","0","0","0","0","0","0","0","0","0","0","0","0","0","0","0","0","0","0","0","0","0","0","0","0","0","0","0","0","0","0","0","0","0","0","0","0","0","0","False","False","0","False"
"45519","サボテンダーパジャマ・アタイア","0","","0","0","1","0","0","","サボテンダーパジャマ・アタイア","42973","1","1","51","0","112","0","0","84","0","1","False","True","False","False","2","0","True","0","False","0","2","0","0","0","0","0","False","False","0","1","0","1","1","0","0","0","0, 0, 0, 0","0, 0, 0, 0","0","0","0","0","0","0","0","0","0","0","0","0","0","0","0","0","0","0","0","0","0","0","0","0","0","0","0","0","0","0","0","0","0","0","0","0","0","0","False","False","0","False"
"45520","チョコボパジャマ・アタイア","0","","0","0","1","0","0","","チョコボパジャマ・アタイア","42974","1","1","51","0","112","0","0","84","0","1","False","True","False","False","2","0","True","0","False","0","2","0","0","0","0","0","False","False","0","1","0","1","1","0","0","0","0, 0, 0, 0","0, 0, 0, 0","0","0","0","0","0","0","0","0","0","0","0","0","0","0","0","0","0","0","0","0","0","0","0","0","0","0","0","0","0","0","0","0","0","0","0","0","0","0","False","False","0","False"
"45521","オーソドックスセイント・アタイア","0","","0","0","1","0","0","","オーソドックスセイント・アタイア","42969","1","1","51","0","112","0","0","84","0","1","False","True","False","False","2","0","False","0","False","0","2","0","0","0","0","0","False","False","0","1","0","1","1","0","0","0","0, 0, 0, 0","0, 0, 0, 0","0","0","0","0","0","0","0","0","0","0","0","0","0","0","0","0","0","0","0","0","0","0","0","0","0","0","0","0","0","0","0","0","0","0","0","0","0","0","False","False","0","False"
"45522","セイニャー・アタイア","0","","0","0","1","0","0","","セイニャー・アタイア","42991","1","1","51","0","112","0","0","84","0","1","False","True","False","False","2","0","False","0","False","0","2","0","0","0","0","0","False","False","0","1","0","1","1","0","0","0","0, 0, 0, 0","0, 0, 0, 0","0","0","0","0","0","0","0","0","0","0","0","0","0","0","0","0","0","0","0","0","0","0","0","0","0","0","0","0","0","0","0","0","0","0","0","0","0","0","False","False","0","False"
"45523","バロニアル・アタイア","0","","0","0","1","0","0","","バロニアル・アタイア","42950","1","1","51","0","112","0","0","84","0","1","False","True","False","False","2","0","False","0","False","0","2","0","0","0","0","0","False","False","0","1","0","1","1","0","0","0","0, 0, 0, 0","0, 0, 0, 0","0","0","0","0","0","0","0","0","0","0","0","0","0","0","0","0","0","0","0","0","0","0","0","0","0","0","0","0","0","0","0","0","0","0","0","0","0","0","False","False","0","False"
"45524","アイルリゾート・アタイア","0","","0","0","1","0","0","","アイルリゾート・アタイア","42952","1","1","51","0","112","0","0","84","0","1","False","True","False","False","2","0","False","0","False","0","2","0","0","0","0","0","False","False","0","1","0","1","1","0","0","0","0, 0, 0, 0","0, 0, 0, 0","0","0","0","0","0","0","0","0","0","0","0","0","0","0","0","0","0","0","0","0","0","0","0","0","0","0","0","0","0","0","0","0","0","0","0","0","0","0","False","False","0","False"
"45525","紫洲武人装束","0","","0","0","1","0","0","","紫洲武人装束","42961","1","1","51","0","112","0","0","84","0","1","False","True","False","False","2","0","False","0","False","0","2","0","0","0","0","0","False","False","0","1","0","1","1","0","0","0","0, 0, 0, 0","0, 0, 0, 0","0","0","0","0","0","0","0","0","0","0","0","0","0","0","0","0","0","0","0","0","0","0","0","0","0","0","0","0","0","0","0","0","0","0","0","0","0","0","False","False","0","False"
"45526","紫洲御前装束","0","","0","0","1","0","0","","紫洲御前装束","42960","1","1","51","0","112","0","0","84","0","1","False","True","False","False","2","0","False","0","False","0","2","0","0","0","0","0","False","False","0","1","0","1","1","0","0","0","0, 0, 0, 0","0, 0, 0, 0","0","0","0","0","0","0","0","0","0","0","0","0","0","0","0","0","0","0","0","0","0","0","0","0","0","0","0","0","0","0","0","0","0","0","0","0","0","0","False","False","0","False"
"45527","アイスハート・アタイア","0","","0","0","1","0","0","","アイスハート・アタイア","42990","1","1","51","0","112","0","0","84","0","1","False","True","False","False","2","0","False","0","False","0","2","0","0","0","0","0","False","False","0","1","0","1","1","0","0","0","0, 0, 0, 0","0, 0, 0, 0","0","0","0","0","0","0","0","0","0","0","0","0","0","0","0","0","0","0","0","0","0","0","0","0","0","0","0","0","0","0","0","0","0","0","0","0","0","0","False","False","0","False"
"45528","東方旅芸人装束","0","","0","0","1","0","0","","東方旅芸人装束","42989","1","1","51","0","112","0","0","84","0","1","False","True","False","False","2","0","False","0","False","0","2","0","0","0","0","0","False","False","0","1","0","1","1","0","0","0","0, 0, 0, 0","0, 0, 0, 0","0","0","0","0","0","0","0","0","0","0","0","0","0","0","0","0","0","0","0","0","0","0","0","0","0","0","0","0","0","0","0","0","0","0","0","0","0","0","False","False","0","False"
"45529","フィアスタイラント・アタイア","0","","0","0","1","0","0","","フィアスタイラント・アタイア","42996","1","1","51","0","112","0","0","84","0","1","False","True","False","False","2","0","False","0","False","0","2","0","0","0","0","0","False","False","0","1","0","1","1","0","0","0","0, 0, 0, 0","0, 0, 0, 0","0","0","0","0","0","0","0","0","0","0","0","0","0","0","0","0","0","0","0","0","0","0","0","0","0","0","0","0","0","0","0","0","0","0","0","0","0","0","False","False","0","False"
"45530","タクティカルA1・アタイア","0","","0","0","1","0","0","","タクティカルA1・アタイア","57007","1","1","51","0","112","0","0","84","0","1","False","True","False","False","2","0","False","0","False","0","2","0","0","0","0","0","False","False","0","1","0","1","1","0","0","0","0, 0, 0, 0","0, 0, 0, 0","0","0","0","0","0","0","0","0","0","0","0","0","0","0","0","0","0","0","0","0","0","0","0","0","0","0","0","0","0","0","0","0","0","0","0","0","0","0","False","False","0","False"
"45531","タクティカルA2・アタイア","0","","0","0","1","0","0","","タクティカルA2・アタイア","57008","1","1","51","0","112","0","0","84","0","1","False","True","False","False","2","0","False","0","False","0","2","0","0","0","0","0","False","False","0","1","0","1","1","0","0","0","0, 0, 0, 0","0, 0, 0, 0","0","0","0","0","0","0","0","0","0","0","0","0","0","0","0","0","0","0","0","0","0","0","0","0","0","0","0","0","0","0","0","0","0","0","0","0","0","0","False","False","0","False"
"45532","タクティカルB1・アタイア","0","","0","0","1","0","0","","タクティカルB1・アタイア","57009","1","1","51","0","112","0","0","84","0","1","False","True","False","False","2","0","False","0","False","0","2","0","0","0","0","0","False","False","0","1","0","1","1","0","0","0","0, 0, 0, 0","0, 0, 0, 0","0","0","0","0","0","0","0","0","0","0","0","0","0","0","0","0","0","0","0","0","0","0","0","0","0","0","0","0","0","0","0","0","0","0","0","0","0","0","False","False","0","False"
"45533","タクティカルB2・アタイア","0","","0","0","1","0","0","","タクティカルB2・アタイア","57010","1","1","51","0","112","0","0","84","0","1","False","True","False","False","2","0","False","0","False","0","2","0","0","0","0","0","False","False","0","1","0","1","1","0","0","0","0, 0, 0, 0","0, 0, 0, 0","0","0","0","0","0","0","0","0","0","0","0","0","0","0","0","0","0","0","0","0","0","0","0","0","0","0","0","0","0","0","0","0","0","0","0","0","0","0","False","False","0","False"
"45534","タクティカルC1・アタイア","0","","0","0","1","0","0","","タクティカルC1・アタイア","57011","1","1","51","0","112","0","0","84","0","1","False","True","False","False","2","0","False","0","False","0","2","0","0","0","0","0","False","False","0","1","0","1","1","0","0","0","0, 0, 0, 0","0, 0, 0, 0","0","0","0","0","0","0","0","0","0","0","0","0","0","0","0","0","0","0","0","0","0","0","0","0","0","0","0","0","0","0","0","0","0","0","0","0","0","0","False","False","0","False"
"45535","タクティカルC2・アタイア","0","","0","0","1","0","0","","タクティカルC2・アタイア","57012","1","1","51","0","112","0","0","84","0","1","False","True","False","False","2","0","False","0","False","0","2","0","0","0","0","0","False","False","0","1","0","1","1","0","0","0","0, 0, 0, 0","0, 0, 0, 0","0","0","0","0","0","0","0","0","0","0","0","0","0","0","0","0","0","0","0","0","0","0","0","0","0","0","0","0","0","0","0","0","0","0","0","0","0","0","False","False","0","False"
"45536","メティアン・アタイア","0","","0","0","1","0","0","","メティアン・アタイア","42995","1","1","51","0","112","0","0","84","0","1","False","True","False","False","2","0","False","0","False","0","2","0","0","0","0","0","False","False","0","1","0","1","1","0","0","0","0, 0, 0, 0","0, 0, 0, 0","0","0","0","0","0","0","0","0","0","0","0","0","0","0","0","0","0","0","0","0","0","0","0","0","0","0","0","0","0","0","0","0","0","0","0","0","0","0","False","False","0","False"
"45537","ジェリービーンズ・アタイア","0","","0","0","1","0","0","","ジェリービーンズ・アタイア","42992","1","1","51","0","112","0","0","84","0","1","False","True","False","False","2","0","False","0","False","0","2","0","0","0","0","0","False","False","0","1","0","1","1","0","0","0","0, 0, 0, 0","0, 0, 0, 0","0","0","0","0","0","0","0","0","0","0","0","0","0","0","0","0","0","0","0","0","0","0","0","0","0","0","0","0","0","0","0","0","0","0","0","0","0","0","False","False","0","False"
"45538","アーマーガッパ・アタイア","0","","0","0","1","0","0","","アーマーガッパ・アタイア","43585","1","1","51","0","112","0","0","84","0","1","False","True","False","False","2","0","False","0","False","0","2","0","0","0","0","0","False","False","0","1","0","1","1","0","0","0","0, 0, 0, 0","0, 0, 0, 0","0","0","0","0","0","0","0","0","0","0","0","0","0","0","0","0","0","0","0","0","0","0","0","0","0","0","0","0","0","0","0","0","0","0","0","0","0","0","False","False","0","False"
"45539","ウッドランドウォーデン・ブリーチ・アタイア","0","","0","0","1","0","0","","ウッドランドウォーデン・ブリーチ・アタイア","42998","1","1","51","0","112","0","0","84","0","1","False","True","False","False","2","0","False","0","False","0","2","0","0","0","0","0","False","False","0","1","0","1","1","0","0","0","0, 0, 0, 0","0, 0, 0, 0","0","0","0","0","0","0","0","0","0","0","0","0","0","0","0","0","0","0","0","0","0","0","0","0","0","0","0","0","0","0","0","0","0","0","0","0","0","0","False","False","0","False"
"45540","ウッドランドウォーデン・スカート・アタイア","0","","0","0","1","0","0","","ウッドランドウォーデン・スカート・アタイア","42998","1","1","51","0","112","0","0","84","0","1","False","True","False","False","2","0","False","0","False","0","2","0","0","0","0","0","False","False","0","1","0","1","1","0","0","0","0, 0, 0, 0","0, 0, 0, 0","0","0","0","0","0","0","0","0","0","0","0","0","0","0","0","0","0","0","0","0","0","0","0","0","0","0","0","0","0","0","0","0","0","0","0","0","0","0","False","False","0","False"
"45541","クリスタリウムプロディジー・アタイア","0","","0","0","1","0","0","","クリスタリウムプロディジー・アタイア","42999","1","1","51","0","112","0","0","84","0","1","False","True","False","False","2","0","False","0","False","0","2","0","0","0","0","0","False","False","0","1","0","1","1","0","0","0","0, 0, 0, 0","0, 0, 0, 0","0","0","0","0","0","0","0","0","0","0","0","0","0","0","0","0","0","0","0","0","0","0","0","0","0","0","0","0","0","0","0","0","0","0","0","0","0","0","False","False","0","False"
"45542","フェリシタス・アタイア","0","","0","0","1","0","0","","フェリシタス・アタイア","42993","1","1","51","0","112","0","0","84","0","1","False","True","False","False","2","0","False","0","False","0","2","0","0","0","0","0","False","False","0","1","0","1","1","0","0","0","0, 0, 0, 0","0, 0, 0, 0","0","0","0","0","0","0","0","0","0","0","0","0","0","0","0","0","0","0","0","0","0","0","0","0","0","0","0","0","0","0","0","0","0","0","0","0","0","0","False","False","0","False"
"45543","アイルレクリエーション・アタイア","0","","0","0","1","0","0","","アイルレクリエーション・アタイア","42994","1","1","51","0","112","0","0","84","0","1","False","True","False","False","2","0","False","0","False","0","2","0","0","0","0","0","False","False","0","1","0","1","1","0","0","0","0, 0, 0, 0","0, 0, 0, 0","0","0","0","0","0","0","0","0","0","0","0","0","0","0","0","0","0","0","0","0","0","0","0","0","0","0","0","0","0","0","0","0","0","0","0","0","0","0","False","False","0","False"
"45544","フリースピリッツ・アタイア","0","","0","0","1","0","0","","フリースピリッツ・アタイア","57022","1","1","51","0","112","0","0","84","0","1","False","True","False","False","2","0","False","0","False","0","2","0","0","0","0","0","False","False","0","1","0","1","1","0","0","0","0, 0, 0, 0","0, 0, 0, 0","0","0","0","0","0","0","0","0","0","0","0","0","0","0","0","0","0","0","0","0","0","0","0","0","0","0","0","0","0","0","0","0","0","0","0","0","0","0","False","False","0","False"
"45545","マーシャルアーティスト・ベスト・アタイア","0","","0","0","1","0","0","","マーシャルアーティスト・ベスト・アタイア","57013","1","1","51","0","112","0","0","84","0","1","False","True","False","False","2","0","True","0","False","0","2","0","0","0","0","0","False","False","0","1","0","1","1","0","0","0","0, 0, 0, 0","0, 0, 0, 0","0","0","0","0","0","0","0","0","0","0","0","0","0","0","0","0","0","0","0","0","0","0","0","0","0","0","0","0","0","0","0","0","0","0","0","0","0","0","False","False","0","False"
"45546","マーシャルアーティスト・スリーブレスベスト・アタイア","0","","0","0","1","0","0","","マーシャルアーティスト・スリーブレスベスト・アタイア","57014","1","1","51","0","112","0","0","84","0","1","False","True","False","False","2","0","True","0","False","0","2","0","0","0","0","0","False","False","0","1","0","1","1","0","0","0","0, 0, 0, 0","0, 0, 0, 0","0","0","0","0","0","0","0","0","0","0","0","0","0","0","0","0","0","0","0","0","0","0","0","0","0","0","0","0","0","0","0","0","0","0","0","0","0","0","False","False","0","False"
"45547","グリーナーズ・アタイア","0","","0","0","1","0","0","","グリーナーズ・アタイア","42997","1","1","51","0","112","0","0","84","0","1","False","True","False","False","2","0","False","0","False","0","2","0","0","0","0","0","False","False","0","1","0","1","1","0","0","0","0, 0, 0, 0","0, 0, 0, 0","0","0","0","0","0","0","0","0","0","0","0","0","0","0","0","0","0","0","0","0","0","0","0","0","0","0","0","0","0","0","0","0","0","0","0","0","0","0","False","False","0","False"
"45548","","0","","0","0","0","0","0","","","0","0","0","0","0","0","0","0","0","0","0","False","False","False","False","0","0","False","0","False","0","0","0","0","0","0","0","False","False","0","0","0","0","0","0","0","0","0, 0, 0, 0","0, 0, 0, 0","0","0","0","0","0","0","0","0","0","0","0","0","0","0","0","0","0","0","0","0","0","0","0","0","0","0","0","0","0","0","0","0","0","0","0","0","0","0","False","False","0","False"
"45549","","0","","0","0","0","0","0","","","0","0","0","0","0","0","0","0","0","0","0","False","False","False","False","0","0","False","0","False","0","0","0","0","0","0","0","False","False","0","0","0","0","0","0","0","0","0, 0, 0, 0","0, 0, 0, 0","0","0","0","0","0","0","0","0","0","0","0","0","0","0","0","0","0","0","0","0","0","0","0","0","0","0","0","0","0","0","0","0","0","0","0","0","0","0","False","False","0","False"
"45550","","0","","0","0","0","0","0","","","0","0","0","0","0","0","0","0","0","0","0","False","False","False","False","0","0","False","0","False","0","0","0","0","0","0","0","False","False","0","0","0","0","0","0","0","0","0, 0, 0, 0","0, 0, 0, 0","0","0","0","0","0","0","0","0","0","0","0","0","0","0","0","0","0","0","0","0","0","0","0","0","0","0","0","0","0","0","0","0","0","0","0","0","0","0","False","False","0","False"
"45551","","0","","0","0","0","0","0","","","0","0","0","0","0","0","0","0","0","0","0","False","False","False","False","0","0","False","0","False","0","0","0","0","0","0","0","False","False","0","0","0","0","0","0","0","0","0, 0, 0, 0","0, 0, 0, 0","0","0","0","0","0","0","0","0","0","0","0","0","0","0","0","0","0","0","0","0","0","0","0","0","0","0","0","0","0","0","0","0","0","0","0","0","0","0","False","False","0","False"
"45552","","0","","0","0","0","0","0","","","0","0","0","0","0","0","0","0","0","0","0","False","False","False","False","0","0","False","0","False","0","0","0","0","0","0","0","False","False","0","0","0","0","0","0","0","0","0, 0, 0, 0","0, 0, 0, 0","0","0","0","0","0","0","0","0","0","0","0","0","0","0","0","0","0","0","0","0","0","0","0","0","0","0","0","0","0","0","0","0","0","0","0","0","0","0","False","False","0","False"
"45553","","0","","0","0","0","0","0","","","0","0","0","0","0","0","0","0","0","0","0","False","False","False","False","0","0","False","0","False","0","0","0","0","0","0","0","False","False","0","0","0","0","0","0","0","0","0, 0, 0, 0","0, 0, 0, 0","0","0","0","0","0","0","0","0","0","0","0","0","0","0","0","0","0","0","0","0","0","0","0","0","0","0","0","0","0","0","0","0","0","0","0","0","0","0","False","False","0","False"
"45554","","0","","0","0","0","0","0","","","0","0","0","0","0","0","0","0","0","0","0","False","False","False","False","0","0","False","0","False","0","0","0","0","0","0","0","False","False","0","0","0","0","0","0","0","0","0, 0, 0, 0","0, 0, 0, 0","0","0","0","0","0","0","0","0","0","0","0","0","0","0","0","0","0","0","0","0","0","0","0","0","0","0","0","0","0","0","0","0","0","0","0","0","0","0","False","False","0","False"
"45555","","0","","0","0","0","0","0","","","0","0","0","0","0","0","0","0","0","0","0","False","False","False","False","0","0","False","0","False","0","0","0","0","0","0","0","False","False","0","0","0","0","0","0","0","0","0, 0, 0, 0","0, 0, 0, 0","0","0","0","0","0","0","0","0","0","0","0","0","0","0","0","0","0","0","0","0","0","0","0","0","0","0","0","0","0","0","0","0","0","0","0","0","0","0","False","False","0","False"
"45556","","0","","0","0","0","0","0","","","0","0","0","0","0","0","0","0","0","0","0","False","False","False","False","0","0","False","0","False","0","0","0","0","0","0","0","False","False","0","0","0","0","0","0","0","0","0, 0, 0, 0","0, 0, 0, 0","0","0","0","0","0","0","0","0","0","0","0","0","0","0","0","0","0","0","0","0","0","0","0","0","0","0","0","0","0","0","0","0","0","0","0","0","0","0","False","False","0","False"
"45557","","0","","0","0","0","0","0","","","0","0","0","0","0","0","0","0","0","0","0","False","False","False","False","0","0","False","0","False","0","0","0","0","0","0","0","False","False","0","0","0","0","0","0","0","0","0, 0, 0, 0","0, 0, 0, 0","0","0","0","0","0","0","0","0","0","0","0","0","0","0","0","0","0","0","0","0","0","0","0","0","0","0","0","0","0","0","0","0","0","0","0","0","0","0","False","False","0","False"
"45558","","0","","0","0","0","0","0","","","0","0","0","0","0","0","0","0","0","0","0","False","False","False","False","0","0","False","0","False","0","0","0","0","0","0","0","False","False","0","0","0","0","0","0","0","0","0, 0, 0, 0","0, 0, 0, 0","0","0","0","0","0","0","0","0","0","0","0","0","0","0","0","0","0","0","0","0","0","0","0","0","0","0","0","0","0","0","0","0","0","0","0","0","0","0","False","False","0","False"
"45559","マイカ・ザ・ムー・アタイア","0","","0","0","1","0","0","","マイカ・ザ・ムー・アタイア","57139","1","1","51","0","112","0","0","84","0","1","False","True","False","False","2","0","False","0","False","0","2","0","0","0","0","0","False","False","0","1","0","1","1","0","0","0","0, 0, 0, 0","0, 0, 0, 0","0","0","0","0","0","0","0","0","0","0","0","0","0","0","0","0","0","0","0","0","0","0","0","0","0","0","0","0","0","0","0","0","0","0","0","0","0","0","False","False","0","False"
"45560","ナイトデビル・アタイア","0","","0","0","1","0","0","","ナイトデビル・アタイア","57117","1","1","51","0","112","0","0","84","0","1","False","True","False","False","2","0","False","0","False","0","2","0","0","0","0","0","False","False","0","1","0","1","1","0","0","0","0, 0, 0, 0","0, 0, 0, 0","0","0","0","0","0","0","0","0","0","0","0","0","0","0","0","0","0","0","0","0","0","0","0","0","0","0","0","0","0","0","0","0","0","0","0","0","0","0","False","False","0","False"
"45561","トラルトレーダー・アタイア","0","","0","0","1","0","0","","トラルトレーダー・アタイア","57115","1","1","51","0","112","0","0","84","0","1","False","True","False","False","2","0","True","0","False","0","2","0","0","0","0","0","False","False","0","1","0","1","1","0","0","0","0, 0, 0, 0","0, 0, 0, 0","0","0","0","0","0","0","0","0","0","0","0","0","0","0","0","0","0","0","0","0","0","0","0","0","0","0","0","0","0","0","0","0","0","0","0","0","0","0","False","False","0","False"
"45562","トラルトラベラー・アタイア","0","","0","0","1","0","0","","トラルトラベラー・アタイア","57116","1","1","51","0","112","0","0","84","0","1","False","True","False","False","2","0","True","0","False","0","2","0","0","0","0","0","False","False","0","1","0","1","1","0","0","0","0, 0, 0, 0","0, 0, 0, 0","0","0","0","0","0","0","0","0","0","0","0","0","0","0","0","0","0","0","0","0","0","0","0","0","0","0","0","0","0","0","0","0","0","0","0","0","0","0","False","False","0","False"
"45563","サイエンティスト・アタイア","0","","0","0","1","0","0","","サイエンティスト・アタイア","57071","1","1","51","0","112","0","0","84","0","1","False","True","False","False","2","0","True","0","False","0","2","0","0","0","0","0","False","False","0","1","0","1","1","0","0","0","0, 0, 0, 0","0, 0, 0, 0","0","0","0","0","0","0","0","0","0","0","0","0","0","0","0","0","0","0","0","0","0","0","0","0","0","0","0","0","0","0","0","0","0","0","0","0","0","0","False","False","0","False"
"45564","ルーズストリート・アタイア","0","","0","0","1","0","0","","ルーズストリート・アタイア","57179","1","1","51","0","112","0","0","84","0","1","False","True","False","False","2","0","False","0","False","0","2","0","0","0","0","0","False","False","0","1","0","1","1","0","0","0","0, 0, 0, 0","0, 0, 0, 0","0","0","0","0","0","0","0","0","0","0","0","0","0","0","0","0","0","0","0","0","0","0","0","0","0","0","0","0","0","0","0","0","0","0","0","0","0","0","False","False","0","False"
"45565","セネシャルプリンス・アタイア","0","","0","0","1","0","0","","セネシャルプリンス・アタイア","57182","1","1","51","0","112","0","0","84","0","1","False","True","False","False","2","0","False","0","False","0","2","0","0","0","0","0","False","False","0","1","0","1","1","0","0","0","0, 0, 0, 0","0, 0, 0, 0","0","0","0","0","0","0","0","0","0","0","0","0","0","0","0","0","0","0","0","0","0","0","0","0","0","0","0","0","0","0","0","0","0","0","0","0","0","0","False","False","0","False"
"45566","ウィンタータイド・ワイドパンツ・アタイア","0","","0","0","1","0","0","","ウィンタータイド・ワイドパンツ・アタイア","57181","1","1","51","0","112","0","0","84","0","1","False","True","False","False","2","0","True","0","False","0","2","0","0","0","0","0","False","False","0","1","0","1","1","0","0","0","0, 0, 0, 0","0, 0, 0, 0","0","0","0","0","0","0","0","0","0","0","0","0","0","0","0","0","0","0","0","0","0","0","0","0","0","0","0","0","0","0","0","0","0","0","0","0","0","0","False","False","0","False"
"45567","ウィンタータイド・タイトスカート・アタイア","0","","0","0","1","0","0","","ウィンタータイド・タイトスカート・アタイア","57181","1","1","51","0","112","0","0","84","0","1","False","True","False","False","2","0","True","0","False","0","2","0","0","0","0","0","False","False","0","1","0","1","1","0","0","0","0, 0, 0, 0","0, 0, 0, 0","0","0","0","0","0","0","0","0","0","0","0","0","0","0","0","0","0","0","0","0","0","0","0","0","0","0","0","0","0","0","0","0","0","0","0","0","0","0","False","False","0","False"
